GRCh37,Gene,HGVS_nucleotide,HGVS_protein,ClinVarID,Variant_source,PP2,SIFT,Consurf,MA,PROVEAN,FATHMM,REVEL,CADD,AlphaMissense_score,BayesDel
NC_000001.10:g.161136642G>A,PPOX,c.5G>A,p.Gly2Asp,NA,genomAD_v2.1.1,0.201,0.487,NA,0.805,0.01,-4.54,0.173,17.9,0.114,0.00749687
NC_000001.10:g.161136642G>C,PPOX,c.5G>C,p.Gly2Ala,NA,genomAD_v2.1.1,0,0.818,NA,0.845,0.33,-4.48,0.195,16.26,0.089,-0.0876938
NC_000001.10:g.161136644C>T,PPOX,c.7C>T,p.Arg3Trp,NA,genomAD_v2.1.1,1,0.004,NA,2.445,-2.34,-4.62,0.643,29.6,0.33,0.342319
NC_000001.10:g.161136648C>G,PPOX,c.11C>G,p.Thr4Ser,NA,genomAD_v2.1.1,0.141,0.391,NA,0.13,-0.83,-4.33,0.47,23.9,0.138,0.111205
NC_000001.10:g.161136653G>C,PPOX,c.16G>C,p.Val6Leu,NA,genomAD_v2.1.1,0.013,0.254,NA,0.415,-1.58,-4.12,0.427,22,0.331,0.184128
NC_000001.10:g.161136656G>A,PPOX,c.19G>A,p.Val7Met,NA,genomAD_v2.1.1,1,0.004,NA,3.485,-2.38,-4.92,0.901,32,0.879,0.353282
NC_000001.10:g.161136668G>A,PPOX,c.31G>A,p.Gly11Ser,VCV000936759,Stenson et al. 2014 PMID:24077912,1,0,5,3.505,-5.7,-8.48,0.955,29.9,0.769,0.571121
NC_000001.10:g.161136669G>A,PPOX,c.32G>A,p.Gly11Asp,NA,Stenson et al. 2014 PMID:24077912,1,0,5,4.335,-6.65,-8.5,0.975,33,0.959,0.576196
NC_000001.10:g.161136672T>C,PPOX,c.35T>C,p.Ile12Thr,VCV000008703,Stenson et al. 2014 PMID:24077912,1,0.003,5,3.245,-4.27,-3.4,0.932,27.9,0.925,0.543715
NC_000001.10:g.161136677G>A,PPOX,c.40G>A,p.Gly14Ser,NA,genomAD_v2.1.1,1,0,NA,3.6,-5.7,-10.35,0.898,32,0.756,0.376802
NC_000001.10:g.161136682G>C,PPOX,c.45G>C,p.Leu15Phe,NA,Stenson et al. 2014 PMID:24077912,1,0,5,3.6,-3.8,-5.13,0.942,27.1,0.745,0.556258
NC_000001.10:g.161136683G>A,PPOX,c.46G>A,p.Ala16Thr,NA,genomAD_v2.1.1,0.799,0.273,NA,0.685,-0.93,-3.33,0.35,22.7,0.158,-0.0234323
NC_000001.10:g.161136684C>A,PPOX,c.47C>A,p.Ala16Asp,NA,genomAD_v2.1.1,0.998,0.013,NA,2.76,-2.53,-3.5,0.885,29.3,0.96,0.324493
NC_000001.10:g.161136686G>T,PPOX,c.49G>T,p.Ala17Ser,NA,genomAD_v2.1.1,0.849,0.28,NA,2.19,-1.85,-4.01,0.708,24.1,0.204,0.332836
NC_000001.10:g.161136696A>C,PPOX,c.59A>C,p.His20Pro,VCV000008695,Stenson et al. 2014 PMID:24077912,0.874,0.026,6,2.295,-4.79,-3.15,0.906,27.1,0.666,0.476143
NC_000001.10:g.161136702G>C,PPOX,c.65G>C,p.Ser22Thr,NA,genomAD_v2.1.1,0,0.432,NA,1.5,-0.29,-2.93,0.2,15.85,0.114,0.0512531
NC_000001.10:g.161136705G>A,PPOX,c.68G>A,p.Arg23Gln,NA,genomAD_v2.1.1,0.999,0.222,NA,1.355,-1.47,-2.95,0.522,25,0.095,0.152636
NC_000001.10:g.161136708C>T,PPOX,c.71C>T,p.Ala24Val,VCV001081220,genomAD_v2.1.1,0.002,0.259,NA,0.77,-1.07,-3.46,0.092,17.58,0.1,-0.287318
NC_000001.10:g.161136716C>G,PPOX,c.79C>G,p.Pro27Ala,VCV002542371,genomAD_v2.1.1,0,0.95,NA,0.4,0.38,-4.42,0.247,13.05,0.068,-0.102225
NC_000001.10:g.161136719C>A,PPOX,c.82C>A,p.Pro28Thr,VCV002894196,genomAD_v2.1.1,0.08,0.613,NA,-1.15,0.32,-4.32,0.45,20.5,0.162,0.0448406
NC_000001.10:g.161136719C>G,PPOX,c.82C>G,p.Pro28Ala,VCV002382026,genomAD_v2.1.1,0.238,0.609,NA,0.49,-0.13,-4.19,0.457,19.6,0.119,0.0676733
NC_000001.10:g.161136719C>T,PPOX,c.82C>T,p.Pro28Ser,NA,genomAD_v2.1.1,0.061,0.599,NA,-0.985,0.77,-4.35,0.461,21.1,0.202,0.181857
NC_000001.10:g.161136720C>A,PPOX,c.83C>A,p.Pro28His,NA,genomAD_v2.1.1,0.331,0.533,NA,1.04,-0.41,-4.41,0.622,22.9,0.326,0.248593
NC_000001.10:g.161136720C>G,PPOX,c.83C>G,p.Pro28Arg,NA,genomAD_v2.1.1,0.989,0.442,NA,1.04,-0.21,-4.38,0.711,24.5,0.242,0.191
NC_000001.10:g.161136899G>C,PPOX,c.97G>C,p.Val33Leu,NA,genomAD_v2.1.1,0.001,0.72,NA,-1.78,1.01,-2.55,0.19,17.94,0.146,-0.189876
NC_000001.10:g.161136903A>T,PPOX,c.101A>T,p.Glu34Val,NA,Stenson et al. 2014 PMID:24077912,1,0,3,3.625,-6.71,-6.17,0.979,32,0.953,0.577881
NC_000001.10:g.161136909G>A,PPOX,c.107G>A,p.Ser36Asn,NA,genomAD_v2.1.1,0.956,0.02,NA,2.955,-2.64,-3.17,0.659,25.7,0.257,0.0642786
NC_000001.10:g.161136911G>C,PPOX,c.109G>C,p.Glu37Gln,NA,genomAD_v2.1.1,0.001,0.544,NA,-0.065,-0.49,-3.09,0.183,15.68,0.092,-0.0863818
NC_000001.10:g.161136914C>T,PPOX,c.112C>T,p.Arg38Cys,NA,genomAD_v2.1.1,1,0.001,NA,3.575,-7.43,-3.92,0.929,33,0.233,0.408055
NC_000001.10:g.161136915G>C,PPOX,c.113G>C,p.Arg38Pro,NA,Stenson et al. 2014 PMID:24077912,1,0.006,4,3.575,-6.52,-3.95,0.944,27.5,0.839,0.555165
NC_000001.10:g.161136921G>A,PPOX,c.119G>A,p.Gly40Glu,NA,Stenson et al. 2014 PMID:24077912,1,0,7,3.64,-7.87,-8.22,0.934,29.6,0.978,0.584198
NC_000001.10:g.161136921G>C,PPOX,c.119G>C,p.Gly40Ala,NA,Stenson et al. 2014 PMID:24077912,1,0,7,3.64,-5.9,-8.22,0.951,27.2,0.787,0.583934
NC_000001.10:g.161136945G>T,PPOX,c.143G>T,p.Gly48Val,NA,genomAD_v2.1.1,0.869,0.286,NA,-1.32,-0.15,-2.99,0.341,20.3,0.211,-0.0732447
NC_000001.10:g.161136947C>T,PPOX,c.145C>T,p.Pro49Ser,NA,genomAD_v2.1.1,0,0.465,NA,0.685,-1.16,-2.92,0.152,8.508,0.086,-0.132884
NC_000001.10:g.161136948C>T,PPOX,c.146C>T,p.Pro49Leu,NA,genomAD_v2.1.1,0.255,0.174,NA,2.275,-4.01,-3.07,0.236,18.07,0.117,-0.0501316
NC_000001.10:g.161136950A>G,PPOX,c.148A>G,p.Asn50Asp,NA,genomAD_v2.1.1,0,1,NA,-1.84,1.62,-3.69,0.297,12.94,0.057,-0.14263
NC_000001.10:g.161136953G>A,PPOX,c.151G>A,p.Gly51Ser,NA,genomAD_v2.1.1,1,0,NA,2.51,-5.09,-4.65,0.65,26.1,0.147,0.223164
NC_000001.10:g.161136954G>A,PPOX,c.152G>A,p.Gly51Asp,NA,genomAD_v2.1.1,1,0,NA,2.365,-5.38,-4.56,0.703,23.6,0.157,0.209648
NC_000001.10:g.161136957C>G,PPOX,c.155C>G,p.Ala52Gly,NA,genomAD_v2.1.1,0.998,0.305,NA,3.07,-2.87,-3.89,0.705,25.6,0.168,0.217894
NC_000001.10:g.161136959A>C,PPOX,c.157A>C,p.Ile53Leu,NA,genomAD_v2.1.1,0.029,0.2,NA,-0.255,-1.85,-2.98,0.358,6.677,0.136,-0.121404
NC_000001.10:g.161136969T>C,PPOX,c.167T>C,p.Leu56Pro,NA,genomAD_v2.1.1,1,0.153,NA,1.04,0.18,-3.29,0.683,24.9,0.749,0.0901919
NC_000001.10:g.161136971G>A,PPOX,c.169G>A,p.Gly57Arg,NA,genomAD_v2.1.1,1,0,NA,3.635,-7.87,-5.5,0.992,33,0.982,0.526387
NC_000001.10:g.161136971G>C,PPOX,c.169G>C,p.Gly57Arg,NA,Stenson et al. 2014 PMID:24077912,1,0,1,3.635,-7.87,-5.5,0.992,32,0.982,0.584077
NC_000001.10:g.161136977C>T,PPOX,c.175C>T,p.Arg59Trp,VCV000008696,Stenson et al. 2014 PMID:24077912,1,0,5,3.6,-7.67,-3.05,0.915,29.1,0.749,0.478316
NC_000001.10:g.161136993C>T,PPOX,c.191C>T,p.Ala64Val,NA,genomAD_v2.1.1,0.998,0.041,NA,1.43,-1.68,-2.98,0.523,22.8,0.123,0.106612
NC_000001.10:g.161137002T>C,PPOX,c.200T>C,p.Leu67Pro,NA,genomAD_v2.1.1,0.002,0.135,NA,-0.2,-0.13,-3.02,0.115,19.5,0.098,-0.0127737
NC_000001.10:g.161137007G>A,PPOX,c.205G>A,p.Ala69Thr,NA,Stenson et al. 2014 PMID:24077912,0.951,0.467,1,1.385,-0.51,-3.08,0.377,24.4,0.101,0.07278
NC_000001.10:g.161137011G>A,PPOX,c.209G>A,p.Arg70Gln,NA,genomAD_v2.1.1,0.001,0.083,NA,0,-0.02,-2.97,0.161,19.32,0.088,-0.184318
NC_000001.10:g.161137019C>G,PPOX,c.217C>G,p.Leu73Val,NA,genomAD_v2.1.1,0.478,0.391,NA,1.5,0.04,-3.19,0.367,20.9,0.108,0.0256181
NC_000001.10:g.161137020T>C,PPOX,c.218T>C,p.Leu73Pro,VCV002202871,Stenson et al. 2014 PMID:24077912,0.997,0.308,9,1.5,0.34,-3.27,0.663,21.9,0.631,0.419179
NC_000001.10:g.161137023T>C,PPOX,c.221T>C,p.Leu74Pro,NA,Stenson et al. 2014 PMID:24077912,1,0.003,1,2.885,-5.77,-4.32,0.897,32,0.928,0.502588
NC_000001.10:g.161137161G>A,PPOX,c.223G>A,p.Val75Ile,NA,genomAD_v2.1.1,0.789,0.706,NA,1.04,-0.12,-3.86,0.347,18.75,0.135,0.030109
NC_000001.10:g.161137164T>C,PPOX,c.226T>C,p.Ser76Pro,NA,genomAD_v2.1.1,1,0.178,NA,2.43,-2.29,-3.04,0.756,25,0.879,0.179803
NC_000001.10:g.161137165C>T,PPOX,c.227C>T,p.Ser76Phe,NA,Stenson et al. 2014 PMID:24077912,0.999,0.174,1,1.74,-3.55,-3.01,0.683,29.2,0.567,0.312678
NC_000001.10:g.161137170C>T,PPOX,c.232C>T,p.Leu78Phe,NA,genomAD_v2.1.1,1,0.01,NA,2.64,-3.55,-4.16,0.864,27.9,0.656,0.290794
NC_000001.10:g.161137189T>G,PPOX,c.251T>G,p.Val84Gly,VCV002734007,Stenson et al. 2014 PMID:24077912,0.999,0.003,7,2.395,-6.17,-4.04,0.872,26.3,0.689,0.450676
NC_000001.10:g.161137192T>C,PPOX,c.254T>C,p.Leu85Pro,VCV001472461,Stenson et al. 2014 PMID:24077912,1,0.008,6,2.965,-3.71,-2.99,0.913,27.7,0.965,0.448667
NC_000001.10:g.161137201G>T,PPOX,c.263G>T,p.Arg88Leu,VCV001305894,genomAD_v2.1.1,0.004,0.239,NA,-0.09,-1.79,-3.02,0.182,18.08,0.15,0.0026402
NC_000001.10:g.161137203G>A,PPOX,c.265G>A,p.Gly89Arg,NA,genomAD_v2.1.1,0.906,0.799,NA,-0.58,0.94,-3.08,0.506,22.5,0.137,0.00420705
NC_000001.10:g.161137212C>T,PPOX,c.274C>T,p.Pro92Ser,NA,genomAD_v2.1.1,0.83,0.074,NA,2.405,-3,-3.05,0.306,20.6,0.213,-0.082047
NC_000001.10:g.161137219C>T,PPOX,c.281C>T,p.Ala94Val,NA,genomAD_v2.1.1,0.548,0.112,NA,2.2,-2.92,-3.03,0.668,25.1,0.403,0.124986
NC_000001.10:g.161137230T>C,PPOX,c.292T>C,p.Phe98Leu,NA,genomAD_v2.1.1,0.829,0.509,NA,1.505,-0.89,-3.78,0.604,23.1,0.971,0.151748
NC_000001.10:g.161137239G>C,PPOX,c.301G>C,p.Val101Leu,NA,genomAD_v2.1.1,0.997,0.069,NA,2.045,-1.41,-3.08,0.617,24.4,0.22,0.0402121
NC_000001.10:g.161137239G>T,PPOX,c.301G>T,p.Val101Leu,NA,genomAD_v2.1.1,0.997,0.069,NA,2.045,-1.41,-3.08,0.617,24.6,0.22,0.0402151
NC_000001.10:g.161137243G>C,PPOX,c.305G>C,p.Gly102Ala,NA,genomAD_v2.1.1,0.092,0.169,NA,1.795,-1.26,-3.95,0.285,16.6,0.122,0.0442315
NC_000001.10:g.161137245G>A,PPOX,c.307G>A,p.Gly103Ser,NA,genomAD_v2.1.1,0.993,0.316,NA,2.14,-1.68,-4.64,0.576,23.4,0.124,0.0772775
NC_000001.10:g.161137246G>A,PPOX,c.308G>A,p.Gly103Asp,NA,genomAD_v2.1.1,0.794,0.678,NA,0.815,-1.99,-4.57,0.635,22.2,0.169,0.175387
NC_000001.10:g.161137255A>C,PPOX,c.317A>C,p.His106Pro,NA,Stenson et al. 2014 PMID:24077912,1,0.04,2,3.02,-7.31,-3.91,0.9,24.2,0.717,0.474007
NC_000001.10:g.161137260C>G,PPOX,c.322C>G,p.Leu108Val,VCV002151517,genomAD_v2.1.1,0.964,0.015,NA,2.4,-2.45,-3.91,0.567,19.69,0.233,-0.0902227
NC_000001.10:g.161137261T>C,PPOX,c.323T>C,p.Leu108Pro,NA,genomAD_v2.1.1,1,0.002,NA,3.205,-6.22,-4.04,0.817,25,0.855,0.262389
NC_000001.10:g.161137786G>A,PPOX,c.340G>A,p.Gly114Arg,NA,genomAD_v2.1.1,0.998,0.014,NA,3.11,-4.65,-3.1,0.885,31,0.335,0.467371
NC_000001.10:g.161137795C>T,PPOX,c.349C>T,p.Arg117Cys,VCV000874256,genomAD_v2.1.1,0.019,0.021,NA,2.535,-4.21,-3.93,0.658,22.7,0.129,0.206086
NC_000001.10:g.161137796G>A,PPOX,c.350G>A,p.Arg117His,NA,genomAD_v2.1.1,0.963,0.121,NA,2.19,-2.5,-3.92,0.738,25.1,0.092,0.240311
NC_000001.10:g.161137796G>T,PPOX,c.350G>T,p.Arg117Leu,NA,genomAD_v2.1.1,0.002,0.153,NA,2.19,-3.52,-3.71,0.634,21.3,0.132,0.00542676
NC_000001.10:g.161137807C>A,PPOX,c.361C>A,p.Pro121Thr,VCV001002893,genomAD_v2.1.1,1,0,NA,3.025,-5.37,-3.84,0.836,26.6,0.582,0.141786
NC_000001.10:g.161137807C>T,PPOX,c.361C>T,p.Pro121Ser,NA,genomAD_v2.1.1,1,0,NA,2.675,-5.63,-3.83,0.809,26.9,0.757,0.199985
NC_000001.10:g.161137808C>A,PPOX,c.362C>A,p.Pro121His,NA,genomAD_v2.1.1,1,0,NA,3.37,-6.64,-3.86,0.872,25.7,0.853,0.376472
NC_000001.10:g.161137808C>G,PPOX,c.362C>G,p.Pro121Arg,NA,genomAD_v2.1.1,1,0,NA,3.025,-6.51,-3.76,0.907,24.5,0.814,0.307573
NC_000001.10:g.161137808C>T,PPOX,c.362C>T,p.Pro121Leu,NA,genomAD_v2.1.1,0.998,0,NA,1.525,-6.24,-3.69,0.778,24.2,0.426,0.187423
NC_000001.10:g.161137820C>G,PPOX,c.374C>G,p.Pro125Arg,NA,genomAD_v2.1.1,1,0.212,NA,2.975,-5.88,-3.67,0.827,27.4,0.386,0.369973
NC_000001.10:g.161137830G>C,PPOX,c.384G>C,p.Trp128Cys,NA,genomAD_v2.1.1,0.985,0.175,NA,1.445,-1.04,-3.02,0.562,25.7,0.512,0.0289899
NC_000001.10:g.161137840A>T,PPOX,c.394A>T,p.Arg132Trp,NA,genomAD_v2.1.1,0.981,0.014,NA,1.61,-3.43,-3.93,0.708,23.5,0.153,0.228496
NC_000001.10:g.161137858C>T,PPOX,c.412C>T,p.Arg138Trp,NA,genomAD_v2.1.1,0.992,0.019,NA,2.67,-4.29,-3.07,0.648,25.1,0.183,0.136175
NC_000001.10:g.161137859G>A,PPOX,c.413G>A,p.Arg138Gln,NA,genomAD_v2.1.1,0.44,0.424,NA,2.32,-1.16,-3,0.407,20.5,0.102,-0.00823335
NC_000001.10:g.161137859G>C,PPOX,c.413G>C,p.Arg138Pro,VCV002577467,Stenson et al. 2014 PMID:24077912,0.003,0.197,9,1.285,-2.79,-3,0.541,19.48,0.131,0.15442
NC_000001.10:g.161137862G>A,PPOX,c.416G>A,p.Gly139Asp,NA,Stenson et al. 2014 PMID:24077912,0.992,0.231,5,1.885,-0.63,-2.99,0.65,27,0.259,0.265214
NC_000001.10:g.161137865A>G,PPOX,c.419A>G,p.Lys140Arg,NA,genomAD_v2.1.1,0,0.498,NA,2.165,-1.03,-3.04,0.219,16.46,0.074,-0.0594859
NC_000001.10:g.161137867G>A,PPOX,c.421G>A,p.Glu141Lys,NA,genomAD_v2.1.1,0.004,0.58,NA,0.535,-0.25,-3.86,0.311,22.2,0.133,-0.0215852
NC_000001.10:g.161137868A>G,PPOX,c.422A>G,p.Glu141Gly,NA,genomAD_v2.1.1,0.001,0.127,NA,1.23,-2.64,-3.85,0.355,20.9,0.084,0.0875987
NC_000001.10:g.161137874A>T,PPOX,c.428A>T,p.Asp143Val,NA,Stenson et al. 2014 PMID:24077912,1,0.001,8,NA,-7.6,-4.12,0.956,27.6,0.902,0.532721
NC_000001.10:g.161137899G>C,PPOX,c.453G>C,p.Gln151His,NA,genomAD_v2.1.1,0.444,0.1,NA,NA,-1.66,-2.99,0.314,21.6,0.262,-0.075521
NC_000001.10:g.161137900C>T,PPOX,c.454C>T,p.Arg152Cys,VCV000664272,Stenson et al. 2014 PMID:24077912,1,0.001,9,NA,-7.21,-3.11,0.897,33,0.692,0.483365
NC_000001.10:g.161137903C>T,PPOX,c.457C>T,p.Arg153Cys,NA,genomAD_v2.1.1,1,0,NA,NA,-7.45,-3.15,0.868,33,0.591,0.419346
NC_000001.10:g.161137904G>A,PPOX,c.458G>A,p.Arg153His,NA,genomAD_v2.1.1,1,0,NA,NA,-4.65,-3.14,0.815,33,0.279,0.369146
NC_000001.10:g.161137906C>T,PPOX,c.460C>T,p.Leu154Phe,NA,genomAD_v2.1.1,0.212,0.617,NA,NA,1.7,-3.9,0.415,22.1,0.122,-0.0243563
NC_000001.10:g.161137907T>C,PPOX,c.461T>C,p.Leu154Pro,NA,Stenson et al. 2014 PMID:24077912,1,0.009,9,NA,-4.77,-4.07,0.932,29.6,0.933,0.533603
NC_000001.10:g.161138222G>A,PPOX,c.472G>A,p.Val158Met,NA,Stenson et al. 2014 PMID:24077912,0.92,0.222,7,0.995,-0.95,-3.14,0.678,28.8,0.319,0.262543
NC_000001.10:g.161138222G>C,PPOX,c.472G>C,p.Val158Leu,NA,Stenson et al. 2014 PMID:24077912,0.009,0.87,7,-0.385,-0.32,-2.94,0.443,24.1,0.368,0.176543
NC_000001.10:g.161138244G>A,PPOX,c.494G>A,p.Ser165Asn,VCV001002039,genomAD_v2.1.1,0.999,0.014,NA,2.695,-1.77,-3.89,0.673,28.6,0.871,0.121344
NC_000001.10:g.161138252C>T,PPOX,c.502C>T,p.Arg168Cys,VCV000008694,Stenson et al. 2014 PMID:24077912,1,0.055,9,1.44,1.02,-3.12,0.63,26.5,0.407,0.378144
NC_000001.10:g.161138253G>A,PPOX,c.503G>A,p.Arg168His,VCV000008697,Stenson et al. 2014 PMID:24077912,1,0.034,9,1.235,-2.65,-3.08,0.834,31,0.423,0.467047
NC_000001.10:g.161138256G>A,PPOX,c.506G>A,p.Gly169Glu,VCV002577464,Stenson et al. 2014 PMID:24077912,1,0,9,3.64,-7.98,-2.96,0.943,30,0.985,0.519145
NC_000001.10:g.161138258G>C,PPOX,c.508G>C,p.Val170Leu,NA,genomAD_v2.1.1,0.825,0.033,NA,2.705,-1.66,-2.83,0.817,25.6,0.665,0.330298
NC_000001.10:g.161138262T>G,PPOX,c.512T>G,p.Phe171Cys,NA,genomAD_v2.1.1,1,0.184,NA,1.535,0.75,-3.94,0.762,26.5,0.879,0.485602
NC_000001.10:g.161138264G>A,PPOX,c.514G>A,p.Ala172Thr,NA,genomAD_v2.1.1,1,0,NA,3.595,-3.79,-4.11,0.946,27.3,0.869,0.569254
NC_000001.10:g.161138265C>T,PPOX,c.515C>T,p.Ala172Val,NA,Stenson et al. 2014 PMID:24077912,1,0,9,3.595,-3.89,-4.13,0.952,31,0.927,0.55353
NC_000001.10:g.161138268G>T,PPOX,c.518G>T,p.Gly173Val,NA,genomAD_v2.1.1,1,0.005,NA,3.605,-8.68,-3.11,0.968,29.3,0.954,0.405595
NC_000001.10:g.161138276C>G,PPOX,c.526C>G,p.Arg176Gly,NA,genomAD_v2.1.1,0.831,0.004,NA,2.855,-5.31,-3.06,0.695,25,0.195,0.195075
NC_000001.10:g.161138276C>T,PPOX,c.526C>T,p.Arg176Cys,NA,genomAD_v2.1.1,0.999,0.001,NA,3.205,-6.3,-3.13,0.741,27.3,0.181,0.292371
NC_000001.10:g.161138277G>A,PPOX,c.527G>A,p.Arg176His,VCV001979352,genomAD_v2.1.1,0.07,0.005,NA,2.51,-3.12,-3.01,0.432,22.8,0.111,0.0855642
NC_000001.10:g.161138282C>G,PPOX,c.532C>G,p.Leu178Val,NA,Stenson et al. 2014 PMID:24077912,1,0.015,5,3.485,-1.26,-3.02,0.796,27.1,0.5,0.464874
NC_000001.10:g.161138283T>G,PPOX,c.533T>G,p.Leu178Arg,NA,Stenson et al. 2014 PMID:24077912,1,0.001,5,3.485,-5.55,-2.96,0.915,27.8,0.915,0.495586
NC_000001.10:g.161138286G>C,PPOX,c.536G>C,p.Ser179Thr,NA,genomAD_v2.1.1,1,0,NA,3.635,-2.99,-4.15,0.879,27.4,0.768,0.44773
NC_000001.10:g.161138289T>C,PPOX,c.539T>C,p.Ile180Thr,NA,genomAD_v2.1.1,0.209,0.035,NA,0.97,-2.68,-3.86,0.529,23.8,0.792,0.168898
NC_000001.10:g.161138295C>G,PPOX,c.545C>G,p.Ser182Cys,NA,genomAD_v2.1.1,1,0.077,NA,2.75,-2.35,-3.31,0.885,29.7,0.259,0.329883
NC_000001.10:g.161138304C>T,PPOX,c.554C>T,p.Pro185Leu,NA,genomAD_v2.1.1,1,0.006,NA,3.37,-5.8,-2.94,0.87,31,0.504,0.41374
NC_000001.10:g.161138310T>C,PPOX,c.560T>C,p.Leu187Pro,NA,genomAD_v2.1.1,1,0.004,NA,3.01,-5.78,-4.17,0.946,28.7,0.827,0.48342
NC_000001.10:g.161138317A>C,PPOX,c.567A>C,p.Gln189His,VCV003309301,genomAD_v2.1.1,0.014,0.046,NA,0.755,-1.69,-3.05,0.407,18.11,0.145,-0.159339
NC_000001.10:g.161138318G>A,PPOX,c.568G>A,p.Ala190Thr,NA,genomAD_v2.1.1,0.999,0.411,NA,2.49,-2.01,-3.15,0.735,26.8,0.174,0.248703
NC_000001.10:g.161138324C>G,PPOX,c.574C>G,p.Gln192Glu,NA,genomAD_v2.1.1,0.032,0.46,NA,2.265,-2.16,-3,0.346,23.1,0.136,0.0799694
NC_000001.10:g.161138330C>T,PPOX,c.580C>T,p.His194Tyr,NA,genomAD_v2.1.1,0.034,0.311,NA,-0.565,-1.1,-2.96,0.383,21.5,0.113,-0.00710916
NC_000001.10:g.161138339A>G,PPOX,c.589A>G,p.Ile197Val,NA,genomAD_v2.1.1,0,1,NA,-0.55,0.1,-3.87,0.295,0.085,0.093,-0.235764
NC_000001.10:g.161138348G>A,PPOX,c.598G>A,p.Gly200Ser,NA,genomAD_v2.1.1,1,0.014,NA,2.75,-5.65,-2.83,0.877,28.8,0.325,0.369982
NC_000001.10:g.161138352T>G,PPOX,c.602T>G,p.Leu201Arg,NA,genomAD_v2.1.1,0.351,0.017,NA,1.845,-3.33,-3.15,0.739,24.7,0.448,0.187248
NC_000001.10:g.161138361G>A,PPOX,c.611G>A,p.Gly204Glu,VCV003217389,genomAD_v2.1.1,0.997,0.223,NA,1.91,-1.14,-3.04,0.669,25.3,0.205,0.100022
NC_000001.10:g.161138364C>T,PPOX,c.614C>T,p.Ala205Val,NA,Stenson et al. 2014 PMID:24077912,0.053,0.251,2,0.935,-0.66,-3.19,0.53,32,0.113,0.222525
NC_000001.10:g.161138785C>T,PPOX,c.619C>T,p.Arg207Trp,NA,genomAD_v2.1.1,0.904,0.021,NA,0.895,-3.02,-3.06,0.33,22.1,0.146,0.0355161
NC_000001.10:g.161138786G>A,PPOX,c.620G>A,p.Arg207Gln,NA,genomAD_v2.1.1,0,0.371,NA,-0.345,0.11,-3,0.179,0.355,0.07,-0.234847
NC_000001.10:g.161138792C>A,PPOX,c.626C>A,p.Pro209Gln,NA,genomAD_v2.1.1,0.349,0.093,NA,1.53,-1.04,-3.09,0.269,19.91,0.082,-0.0922048
NC_000001.10:g.161138797C>T,PPOX,c.631C>T,p.Pro211Ser,NA,genomAD_v2.1.1,0.005,0.827,NA,1.59,-1.09,-4.13,0.263,16.76,0.097,0.0414203
NC_000001.10:g.161138802C>G,PPOX,c.636C>G,p.Asp212Glu,NA,genomAD_v2.1.1,0,0.792,NA,1.295,-0.65,-2.96,0.3,15.89,0.109,-0.150285
NC_000001.10:g.161138812A>G,PPOX,c.646A>G,p.Ile216Val,VCV000293254,genomAD_v2.1.1,0,0.841,NA,0,0.36,-3.03,0.196,14.01,0.104,-0.292289
NC_000001.10:g.161138815C>A,PPOX,c.649C>A,p.Arg217Ser,NA,genomAD_v2.1.1,0.02,0.152,NA,0.9,-1.91,-2.94,0.289,21.2,0.219,-0.0321189
NC_000001.10:g.161138815C>T,PPOX,c.649C>T,p.Arg217Cys,VCV000875180,Stenson et al. 2014 PMID:24077912,0.996,0.012,7,2.045,-4.11,-3.02,0.63,26.8,0.154,0.21482
NC_000001.10:g.161138816G>A,PPOX,c.650G>A,p.Arg217His,VCV001062880,genomAD_v2.1.1,0.01,0.07,NA,1.7,-2.04,-3.02,0.253,23.2,0.097,-0.163403
NC_000001.10:g.161138816G>T,PPOX,c.650G>T,p.Arg217Leu,NA,genomAD_v2.1.1,0.001,0.222,NA,0.3,-3.11,-2.93,0.405,21.1,0.208,0.0913204
NC_000001.10:g.161138819A>G,PPOX,c.653A>G,p.Gln218Arg,NA,genomAD_v2.1.1,0,1,NA,-1.07,1.58,-3.03,0.189,15.34,0.062,-0.193315
NC_000001.10:g.161138824T>G,PPOX,c.658T>G,p.Leu220Val,NA,genomAD_v2.1.1,0,0.382,NA,-1.245,-0.12,-3,0.253,14.65,0.087,-0.0444334
NC_000001.10:g.161138831A>G,PPOX,c.665A>G,p.Glu222Gly,NA,genomAD_v2.1.1,1,0,NA,2.025,-5.95,-3,0.818,26,0.154,0.281099
NC_000001.10:g.161138833C>T,PPOX,c.667C>T,p.Arg223Cys,VCV002899215,genomAD_v2.1.1,1,0.002,NA,2.52,-4.68,-3.1,0.858,27.2,0.231,0.443589
NC_000001.10:g.161138834G>A,PPOX,c.668G>A,p.Arg223His,VCV002903295,genomAD_v2.1.1,0.998,0.019,NA,1.97,-2.65,-3.08,0.675,25.2,0.095,0.0284194
NC_000001.10:g.161138836T>A,PPOX,c.670T>A,p.Trp224Arg,NA,Stenson et al. 2014 PMID:24077912,1,0,9,2.995,-13.31,-2.9,0.792,26.1,0.988,0.466663
NC_000001.10:g.161138836T>G,PPOX,c.670T>G,p.Trp224Gly,NA,Stenson et al. 2014 PMID:24077912,1,0,9,2.995,-12.48,-2.79,0.77,26.8,0.848,0.462685
NC_000001.10:g.161138854C>G,PPOX,c.688C>G,p.Arg230Gly,NA,genomAD_v2.1.1,0.977,0.219,NA,2.705,-3.61,-3.06,0.784,25.9,0.244,0.0368918
NC_000001.10:g.161138854C>T,PPOX,c.688C>T,p.Arg230Cys,VCV002665040,genomAD_v2.1.1,1,0.031,NA,2.705,-4.76,-3.11,0.782,29.2,0.161,0.366774
NC_000001.10:g.161138855G>A,PPOX,c.689G>A,p.Arg230His,VCV002254089,genomAD_v2.1.1,0.999,0.074,NA,2.36,-1.92,-3.03,0.653,28.1,0.116,0.107
NC_000001.10:g.161138860G>A,PPOX,c.694G>A,p.Gly232Ser,NA,Stenson et al. 2014 PMID:24077912,1,0,9,3.605,-5.98,-4.75,0.962,29.4,0.719,0.573525
NC_000001.10:g.161138860G>C,PPOX,c.694G>C,p.Gly232Arg,VCV000008693,Stenson et al. 2014 PMID:24077912,1,0,9,3.605,-7.97,-4.77,0.972,32,0.939,0.573778
NC_000001.10:g.161138869A>G,PPOX,c.703A>G,p.Met235Val,NA,genomAD_v2.1.1,0,0.199,NA,-0.205,-0.21,-2.77,0.302,21.1,0.089,-0.0672325
NC_000001.10:g.161138873T>C,PPOX,c.707T>C,p.Leu236Ser,NA,Stenson et al. 2014 PMID:24077912,1,0.001,1,3.46,-5.31,-4.43,0.926,25.4,0.991,0.556949
NC_000001.10:g.161138884C>T,PPOX,c.718C>T,p.Leu240Phe,NA,genomAD_v2.1.1,0.447,0.008,NA,3.07,-3.75,-4.51,0.573,21.1,0.441,0.0655384
NC_000001.10:g.161138891C>A,PPOX,c.725C>A,p.Thr242Asn,NA,genomAD_v2.1.1,0,0.453,NA,0,0.65,-3.84,0.194,11.4,0.073,-0.1925
NC_000001.10:g.161138907G>T,PPOX,c.741G>T,p.Arg247Ser,VCV001106291,genomAD_v2.1.1,0,0.695,NA,-0.03,-1.64,-4.44,0.401,15.05,0.193,-0.22969
NC_000001.10:g.161138908G>C,PPOX,c.742G>C,p.Gly248Arg,VCV001005359,genomAD_v2.1.1,1,0.008,NA,2.61,-4.95,-4.63,0.839,32,0.308,0.405834
NC_000001.10:g.161138917G>A,PPOX,c.751G>A,p.Val251Ile,NA,genomAD_v2.1.1,0,1,NA,-0.8,0.54,-3.77,0.354,12.51,0.073,-0.149469
NC_000001.10:g.161138920C>G,PPOX,c.754C>G,p.Leu252Val,NA,genomAD_v2.1.1,0.043,0.198,NA,0.22,-0.15,-3.11,0.324,20.9,0.117,0.0597449
NC_000001.10:g.161138926G>A,PPOX,c.760G>A,p.Gly254Ser,NA,genomAD_v2.1.1,0.007,0.669,NA,0.59,0.59,-3.1,0.374,20.3,0.112,0.120478
NC_000001.10:g.161138927G>T,PPOX,c.761G>T,p.Gly254Val,NA,genomAD_v2.1.1,0.886,0.221,NA,2.215,-1.13,-3.05,0.659,24.6,0.471,0.238937
NC_000001.10:g.161138933C>G,PPOX,c.767C>G,p.Pro256Arg,VCV000008704,Stenson et al. 2014 PMID:24077912,0.788,0.173,6,2.065,-1.55,-2.89,0.495,22.2,0.096,-0.198545
NC_000001.10:g.161138933C>T,PPOX,c.767C>T,p.Pro256Leu,NA,genomAD_v2.1.1,0.983,0.075,NA,2.175,-3.51,-3.21,0.57,26.4,0.134,0.0188524
NC_000001.10:g.161138947A>C,PPOX,c.781A>C,p.Ser261Arg,NA,genomAD_v2.1.1,0.826,0.555,NA,0.805,-1.45,-2.95,0.233,18.45,0.223,-0.223862
NC_000001.10:g.161138947A>G,PPOX,c.781A>G,p.Ser261Gly,NA,genomAD_v2.1.1,0.005,0.422,NA,2.19,-2.27,-3.06,0.123,17.24,0.105,-0.0707264
NC_000001.10:g.161138950C>T,PPOX,c.784C>T,p.Leu262Phe,NA,genomAD_v2.1.1,0,0.563,NA,-1.45,2.3,-3.03,0.152,17.41,0.104,-0.182858
NC_000001.10:g.161138962G>A,PPOX,c.796G>A,p.Gly266Arg,NA,genomAD_v2.1.1,0.998,0.007,NA,1.91,-3.93,-4.22,0.65,24.3,0.225,0.212662
NC_000001.10:g.161138965C>T,PPOX,c.799C>T,p.Arg267Cys,VCV002392551,genomAD_v2.1.1,0.004,0.032,NA,0.55,-1.75,-4.1,0.374,21.5,0.101,-0.0590653
NC_000001.10:g.161138966G>A,PPOX,c.800G>A,p.Arg267His,VCV002983325,genomAD_v2.1.1,0.001,0.081,NA,0.205,-0.98,-4.06,0.346,17.45,0.084,-0.0317967
NC_000001.10:g.161138973G>T,PPOX,c.807G>T,p.Lys269Asn,NA,Stenson et al. 2014 PMID:24077912,0.941,0.124,3,2.015,-1.72,-3.09,0.488,33,0.303,0.0998156
NC_000001.10:g.161139454C>T,PPOX,c.812C>T,p.Ser271Phe,NA,genomAD_v2.1.1,0.888,0.018,NA,1.545,-2.22,-3.9,0.419,23,0.098,-0.0773734
NC_000001.10:g.161139466G>A,PPOX,c.824G>A,p.Ser275Asn,NA,genomAD_v2.1.1,0,0.434,NA,-0.425,0.04,-3.85,0.36,23.8,0.135,-0.212815
NC_000001.10:g.161139476G>C,PPOX,c.834G>C,p.Glu278Asp,NA,genomAD_v2.1.1,0,0.529,NA,0.845,-0.9,-3.14,0.237,19.03,0.13,-0.16559
NC_000001.10:g.161139484A>G,PPOX,c.842A>G,p.His281Arg,VCV001039163,genomAD_v2.1.1,1,0.109,NA,1.825,-5.47,-3.09,0.821,25,0.269,0.28187
NC_000001.10:g.161139486G>A,PPOX,c.844G>A,p.Val282Ile,VCV000875181,genomAD_v2.1.1,0.002,0.504,NA,0.335,-0.27,-4.21,0.337,5.955,0.087,-0.157929
NC_000001.10:g.161139487T>A,PPOX,c.845T>A,p.Val282Asp,NA,Stenson et al. 2014 PMID:24077912,0.964,0.002,8,2.96,-6.22,-4.37,0.836,26,0.986,0.529945
NC_000001.10:g.161139490T>A,PPOX,c.848T>A,p.Ile283Asn,NA,Stenson et al. 2014 PMID:24077912,1,0.001,9,3.325,-6.16,-3.79,0.877,27.3,0.983,0.390031
NC_000001.10:g.161139492A>G,PPOX,c.850A>G,p.Ser284Gly,NA,genomAD_v2.1.1,0.999,0.075,NA,3.11,-3.32,-3.16,0.828,26.5,0.356,0.308257
NC_000001.10:g.161139493G>T,PPOX,c.851G>T,p.Ser284Ile,VCV001403096,Stenson et al. 2014 PMID:24077912,1,0.01,9,3.455,-5.23,-3.03,0.816,32,0.762,0.470162
NC_000001.10:g.161139504G>T,PPOX,c.862G>T,p.Ala288Ser,NA,genomAD_v2.1.1,0.97,0.209,NA,1.855,-1.79,-3,0.636,26,0.117,0.161961
NC_000001.10:g.161139510G>A,PPOX,c.868G>A,p.Val290Met,NA,Stenson et al. 2014 PMID:24077912,0.479,0.104,7,1.7,-0.27,-3.57,0.637,34,0.137,0.283305
NC_000001.10:g.161139711T>C,PPOX,c.884T>C,p.Leu295Pro,NA,Stenson et al. 2014 PMID:24077912,1,0.009,9,3.39,-5.6,-4.37,0.927,27.6,0.902,0.480273
NC_000001.10:g.161139719G>A,PPOX,c.892G>A,p.Glu298Lys,NA,genomAD_v2.1.1,0.016,0.647,NA,1.355,-1.01,-3.03,0.199,18.09,0.127,-0.0900325
NC_000001.10:g.161139721G>T,PPOX,c.894G>T,p.Glu298Asp,NA,genomAD_v2.1.1,0,0.62,NA,-0.235,-0.98,-3.04,0.203,18.05,0.131,-0.0763341
NC_000001.10:g.161139723C>A,PPOX,c.896C>A,p.Ala299Asp,NA,genomAD_v2.1.1,0.961,0.453,NA,0.745,-0.42,-3.06,0.5,24.4,0.297,0.127073
NC_000001.10:g.161139737C>G,PPOX,c.910C>G,p.Arg304Gly,NA,genomAD_v2.1.1,0.058,0.407,NA,0.345,-2.43,-3.15,0.179,11.71,0.079,0.0129748
NC_000001.10:g.161139738G>A,PPOX,c.911G>A,p.Arg304His,VCV000293255,genomAD_v2.1.1,0,0.137,NA,0.6,-1.58,-3.17,0.229,3.768,0.082,-0.40624
NC_000001.10:g.161139738G>C,PPOX,c.911G>C,p.Arg304Pro,NA,genomAD_v2.1.1,0.223,0.255,NA,0.255,-2.11,-3.14,0.456,4.725,0.291,0.042553
NC_000001.10:g.161139741C>T,PPOX,c.914C>T,p.Ala305Val,NA,genomAD_v2.1.1,0,0.343,NA,0.895,-0.52,-3.85,0.308,15.14,0.085,0.0769285
NC_000001.10:g.161139744T>C,PPOX,c.917T>C,p.Leu306Pro,NA,Stenson et al. 2014 PMID:24077912,1,0.003,6,3.515,-6.95,-3.06,0.946,26,0.933,0.481143
NC_000001.10:g.161139746A>C,PPOX,c.919A>C,p.Ser307Arg,NA,genomAD_v2.1.1,0.005,0.528,NA,0.17,-0.74,-2.76,0.266,8.096,0.137,-0.186808
NC_000001.10:g.161139746A>G,PPOX,c.919A>G,p.Ser307Gly,NA,genomAD_v2.1.1,0.001,0.377,NA,1.465,-2.4,-3.01,0.156,8.551,0.059,-0.148544
NC_000001.10:g.161139747G>T,PPOX,c.920G>T,p.Ser307Ile,NA,genomAD_v2.1.1,0.755,0.191,NA,2.015,-2.41,-3.04,0.291,18.03,0.25,-0.15095
NC_000001.10:g.161139749G>A,PPOX,c.922G>A,p.Ala308Thr,NA,genomAD_v2.1.1,0,0.563,NA,1.32,-0.66,-3.02,0.199,9.848,0.076,-0.0417657
NC_000001.10:g.161139755A>C,PPOX,c.928A>C,p.Thr310Pro,NA,genomAD_v2.1.1,0,0.341,NA,-0.805,2.74,-2.88,0.358,2.935,0.059,-0.0936813
NC_000001.10:g.161139762T>C,PPOX,c.935T>C,p.Val312Ala,NA,genomAD_v2.1.1,0.096,0.435,NA,1.02,-2.68,-3.02,0.601,20.6,0.164,0.0870934
NC_000001.10:g.161139767G>A,PPOX,c.940G>A,p.Val314Ile,NA,genomAD_v2.1.1,0.976,0.026,NA,2.505,-0.81,-3.57,0.624,27.4,0.159,0.115839
NC_000001.10:g.161139795G>A,PPOX,c.968G>A,p.Gly323Glu,NA,genomAD_v2.1.1,0.119,0.199,NA,1.265,-3.56,-2.95,0.522,21.8,0.101,0.0990079
NC_000001.10:g.161139800C>T,PPOX,c.973C>T,p.His325Tyr,NA,genomAD_v2.1.1,0.009,1,NA,0.895,0.41,-3,0.172,8.138,0.098,-0.143755
NC_000001.10:g.161139807C>T,PPOX,c.980C>T,p.Pro327Leu,NA,genomAD_v2.1.1,1,0.228,NA,2.945,-5.57,-3.06,0.748,28.6,0.191,0.167504
NC_000001.10:g.161140199G>C,PPOX,c.988G>C,p.Gly330Arg,NA,Stenson et al. 2014 PMID:24077912,1,0,1,3.565,-5.35,-4.14,0.915,32,0.975,0.562525
NC_000001.10:g.161140206G>C,PPOX,c.995G>C,p.Gly332Ala,NA,Stenson et al. 2014 PMID:24077912,0.999,0.044,4,3.605,-5.82,-6.62,0.956,26.4,0.92,0.550559
NC_000001.10:g.161140215T>G,PPOX,c.1004T>G,p.Val335Gly,NA,Stenson et al. 2014 PMID:24077912,1,0.002,3,2.98,-6.82,-3.64,0.936,26.9,0.81,0.516405
NC_000001.10:g.161140221C>G,PPOX,c.1010C>G,p.Ser337Cys,NA,genomAD_v2.1.1,1,0.015,NA,3.015,-3.59,-3.18,0.822,27.1,0.255,0.21608
NC_000001.10:g.161140226G>A,PPOX,c.1015G>A,p.Glu339Lys,NA,Stenson et al. 2014 PMID:24077912,0.996,0.011,6,3.31,-3.31,-3.6,0.91,28.1,0.373,0.509838
NC_000001.10:g.161140235G>A,PPOX,c.1024G>A,p.Gly342Arg,VCV003309302,genomAD_v2.1.1,0.184,0.276,NA,1.105,-0.55,-2.98,0.337,16.33,0.281,-0.0115554
NC_000001.10:g.161140250G>A,PPOX,c.1039G>A,p.Val347Met,NA,genomAD_v2.1.1,0.999,0.008,NA,2.765,-2.21,-3.13,0.72,29.7,0.725,0.274713
NC_000001.10:g.161140254A>G,PPOX,c.1043A>G,p.Tyr348Cys,VCV002577466,Stenson et al. 2014 PMID:24077912,1,0.008,NA,2.8,-6.62,-3.54,0.934,26.6,0.731,0.515493
NC_000001.10:g.161140257A>C,PPOX,c.1046A>C,p.Asp349Ala,VCV000008698,Stenson et al. 2014 PMID:24077912,1,0.01,NA,2.615,-7.84,-3.21,0.775,28.3,0.971,0.477425
NC_000001.10:g.161140259T>C,PPOX,c.1048T>C,p.Ser350Pro,NA,Stenson et al. 2014 PMID:24077912,1,0,NA,3.595,-4.91,-3.92,0.881,27.5,0.959,0.547629
NC_000001.10:g.161140274G>A,PPOX,c.1063G>A,p.Glu355Lys,NA,genomAD_v2.1.1,0.957,0.083,NA,1.81,-1.39,-3.37,0.58,28.1,0.186,0.174062
NC_000001.10:g.161140276G>C,PPOX,c.1065G>C,p.Glu355Asp,VCV002718634,genomAD_v2.1.1,0.863,0.308,NA,1.39,-1.33,-3.31,0.486,21.5,0.214,0.0765897
NC_000001.10:g.161140279G>C,PPOX,c.1068G>C,p.Gln356His,NA,genomAD_v2.1.1,0.046,0.751,NA,0.09,0.97,-3.36,0.315,17.89,0.406,-0.0802404
NC_000001.10:g.161140282C>G,PPOX,c.1071C>G,p.Asp357Glu,NA,genomAD_v2.1.1,0.985,0.246,NA,2.15,-1.49,-3.37,0.51,15.7,0.626,-0.0136273
NC_000001.10:g.161140283G>A,PPOX,c.1072G>A,p.Gly358Arg,VCV000915371,Stenson et al. 2014 PMID:24077912,0.508,0.35,NA,-0.74,1.16,-3.37,0.48,22.7,0.328,0.082098
NC_000001.10:g.161140287G>A,PPOX,c.1076G>A,p.Ser359Asn,NA,genomAD_v2.1.1,0,0.575,NA,1.845,0.07,-3.06,0.134,16.18,0.082,-0.0910775
NC_000001.10:g.161140292C>G,PPOX,c.1081C>G,p.Pro361Ala,NA,genomAD_v2.1.1,0,0.955,NA,0.95,-0.2,-3.32,0.23,13.94,0.05,-0.00157372
NC_000001.10:g.161140292C>T,PPOX,c.1081C>T,p.Pro361Ser,NA,genomAD_v2.1.1,0.001,1,NA,0.805,-0.2,-3.3,0.187,16.05,0.075,-0.0732473
NC_000001.10:g.161140293C>G,PPOX,c.1082C>G,p.Pro361Arg,NA,genomAD_v2.1.1,0.73,0.476,NA,1.405,-1.44,-3.3,0.314,21.7,0.081,-0.0910865
NC_000001.10:g.161140307A>T,PPOX,c.1096A>T,p.Thr366Ser,NA,genomAD_v2.1.1,0.972,0.107,NA,2.35,-3.68,-3.64,0.732,26.3,0.576,0.202465
NC_000001.10:g.161140425T>C,PPOX,c.1114T>C,p.Ser372Pro,VCV002018369,genomAD_v2.1.1,0.487,0.068,NA,0.49,-1.9,-3.04,0.661,20.7,0.156,0.205767
NC_000001.10:g.161140428T>C,PPOX,c.1117T>C,p.Trp373Arg,NA,genomAD_v2.1.1,1,0,NA,2.885,-13.98,-3.02,0.889,26.8,0.807,0.549684
NC_000001.10:g.161140437A>T,PPOX,c.1126A>T,p.Thr376Ser,NA,genomAD_v2.1.1,0,0.723,NA,-1.39,0.56,-3.28,0.244,9.633,0.081,-0.00786292
NC_000001.10:g.161140449A>G,PPOX,c.1138A>G,p.Ser380Gly,NA,genomAD_v2.1.1,0,0.38,NA,0.665,-0.87,-2.88,0.313,4.951,0.072,0.0252462
NC_000001.10:g.161140450G>C,PPOX,c.1139G>C,p.Ser380Thr,VCV002407925,genomAD_v2.1.1,0.003,0.561,NA,0.66,-0.61,-3.02,0.255,7.158,0.087,-0.100258
NC_000001.10:g.161140458G>A,PPOX,c.1147G>A,p.Val383Ile,NA,genomAD_v2.1.1,0,0.212,NA,-0.625,-0.2,-3.04,0.195,15.1,0.082,-0.142443
NC_000001.10:g.161140464T>C,PPOX,c.1153T>C,p.Ser385Pro,NA,genomAD_v2.1.1,0,0.091,NA,1.105,-1.87,-3.14,0.217,17.4,0.081,0.0155729
NC_000001.10:g.161140465C>T,PPOX,c.1154C>T,p.Ser385Phe,VCV002102031,genomAD_v2.1.1,0.681,0.004,NA,2.555,-3.53,-3.36,0.538,34,0.377,0.142613
NC_000001.10:g.161140472G>C,PPOX,c.1161G>C,p.Glu387Asp,VCV002515593,genomAD_v2.1.1,0.023,0.398,NA,0.735,-0.98,-3.14,0.191,15.77,0.098,-0.0583415
NC_000001.10:g.161140478T>A,PPOX,c.1167T>A,p.Phe389Leu,NA,genomAD_v2.1.1,0,1,NA,-2.055,2.1,-2.63,0.254,13.16,0.536,0.0692247
NC_000001.10:g.161140479C>G,PPOX,c.1168C>G,p.Gln390Glu,NA,genomAD_v2.1.1,0.005,1,NA,0,-0.57,-3,0.239,19.05,0.101,-0.0142678
NC_000001.10:g.161140485C>T,PPOX,c.1174C>T,p.Arg392Trp,NA,genomAD_v2.1.1,0.993,0.098,NA,2.295,-1.4,-3.27,0.496,21.1,0.139,0.125039
NC_000001.10:g.161140486G>A,PPOX,c.1175G>A,p.Arg392Gln,VCV001935166,genomAD_v2.1.1,0.001,0.656,NA,1.05,-0.28,-3.11,0.24,13.2,0.078,-0.100383
NC_000001.10:g.161140498C>A,PPOX,c.1187C>A,p.Ala396Glu,NA,genomAD_v2.1.1,1,0.201,NA,2.12,-1.11,-3.32,0.692,25.5,0.547,0.264128
NC_000001.10:g.161140501C>A,PPOX,c.1190C>A,p.Ala397Asp,NA,Stenson et al. 2014 PMID:24077912,0.858,0.006,NA,1.1,-2.92,-3.01,0.776,20.5,0.932,0.414841
NC_000001.10:g.161140514A>C,PPOX,c.1203A>C,p.Leu401Phe,NA,Stenson et al. 2014 PMID:24077912,1,0.008,NA,3.225,-3.76,-3.05,0.871,22.7,0.589,0.523093
NC_000001.10:g.161140514A>T,PPOX,c.1203A>T,p.Leu401Phe,NA,genomAD_v2.1.1,1,0.008,NA,3.225,-3.76,-3.05,0.871,22.9,0.589,0.396725
NC_000001.10:g.161140522A>G,PPOX,c.1211A>G,p.Lys404Arg,NA,genomAD_v2.1.1,0,0.459,NA,-0.08,-0.59,-3.03,0.177,17.1,0.069,-0.118104
NC_000001.10:g.161140522A>T,PPOX,c.1211A>T,p.Lys404Met,NA,genomAD_v2.1.1,0.262,0.059,NA,1.59,-2.01,-3.03,0.343,18.86,0.163,0.120798
NC_000001.10:g.161140531C>T,PPOX,c.1220C>T,p.Pro407Leu,VCV000876147,genomAD_v2.1.1,1,0,NA,2.915,-9.16,-4.47,0.802,25.8,0.468,0.386642
NC_000001.10:g.161140534G>A,PPOX,c.1223G>A,p.Ser408Asn,NA,genomAD_v2.1.1,0.223,0.311,NA,1.91,-1,-3.07,0.312,16.85,0.137,0.0173377
NC_000001.10:g.161140552T>C,PPOX,c.1241T>C,p.Leu414Pro,NA,genomAD_v2.1.1,1,0.012,NA,2.375,-4.83,-3.11,0.747,26.4,0.493,0.512596
NC_000001.10:g.161140554C>T,PPOX,c.1243C>T,p.His415Tyr,VCV002978229,genomAD_v2.1.1,0.538,1,NA,1.54,-0.51,-3.32,0.46,24.3,0.225,0.157653
NC_000001.10:g.161140558A>G,PPOX,c.1247A>G,p.Lys416Arg,NA,genomAD_v2.1.1,0.886,0.187,NA,0.83,-1.34,-2.98,0.295,18.42,0.066,0.0955622
NC_000001.10:g.161140559G>C,PPOX,c.1248G>C,p.Lys416Asn,NA,genomAD_v2.1.1,1,0.018,NA,2.67,-2.94,-3.07,0.656,25.2,0.438,0.0487696
NC_000001.10:g.161140699C>G,PPOX,c.1251C>G,p.Asn417Lys,NA,genomAD_v2.1.1,0.187,0.481,NA,0.735,-0.95,-3.1,0.245,21.3,0.253,0.0199804
NC_000001.10:g.161140700T>C,PPOX,c.1252T>C,p.Cys418Arg,NA,Stenson et al. 2014 PMID:24077912,0.996,0.003,NA,3.48,-11.37,-3.53,0.942,28.4,0.964,0.522497
NC_000001.10:g.161140706C>T,PPOX,c.1258C>T,p.Pro420Ser,NA,genomAD_v2.1.1,1,0,NA,2.91,-7.49,-5.59,0.949,26,0.661,0.474646
NC_000001.10:g.161140707C>G,PPOX,c.1259C>G,p.Pro420Arg,VCV002304447,Stenson et al. 2014 PMID:24077912,1,0,NA,3.6,-8.59,-5.61,0.965,31,0.914,0.557849
NC_000001.10:g.161140711G>C,PPOX,c.1263G>C,p.Gln421His,VCV001514772,genomAD_v2.1.1,1,0.005,NA,3.235,-4.81,-4.07,0.954,23.5,0.868,0.443974
NC_000001.10:g.161140713A>G,PPOX,c.1265A>G,p.Tyr422Cys,NA,Stenson et al. 2014 PMID:24077912,1,0.001,NA,3.555,-8.78,-3.09,0.972,28.6,0.916,0.505301
NC_000001.10:g.161140716C>T,PPOX,c.1268C>T,p.Thr423Ile,VCV003309305,genomAD_v2.1.1,0.999,0.386,NA,2.215,-1.27,-3.14,0.453,22.2,0.204,-0.0170349
NC_000001.10:g.161140737T>C,PPOX,c.1289T>C,p.Leu430Pro,NA,genomAD_v2.1.1,0.995,0.007,NA,2.525,-4.41,-3.14,0.772,29.9,0.865,0.301654
NC_000001.10:g.161140829G>C,PPOX,c.1297G>C,p.Ala433Pro,NA,Stenson et al. 2014 PMID:24077912,0.005,0.017,NA,1.845,-2.13,-4.59,0.713,21.6,0.874,0.385168
NC_000001.10:g.161140830C>T,PPOX,c.1298C>T,p.Ala433Val,NA,genomAD_v2.1.1,0.007,0.302,NA,1.845,2.5,-4.42,0.266,15.57,0.089,0.0768255
NC_000001.10:g.161140836A>G,PPOX,c.1304A>G,p.Gln435Arg,NA,genomAD_v2.1.1,0.061,0.537,NA,1.08,-0.97,-2.97,0.119,12.52,0.077,-0.0878529
NC_000001.10:g.161140840C>A,PPOX,c.1308C>A,p.Phe436Leu,NA,genomAD_v2.1.1,0.698,0.021,NA,2.015,-3.75,-3.01,0.642,17.86,0.879,0.119502
NC_000001.10:g.161140847G>A,PPOX,c.1315G>A,p.Ala439Thr,NA,genomAD_v2.1.1,0,0.483,NA,0.31,0.1,-3.67,0.232,14.3,0.07,-0.0889864
NC_000001.10:g.161140854G>C,PPOX,c.1322G>C,p.Arg441Thr,NA,genomAD_v2.1.1,0.054,0.419,NA,1.24,-1.98,-3.17,0.181,14.06,0.156,0.0362276
NC_000001.10:g.161140857T>G,PPOX,c.1325T>G,p.Leu442Trp,NA,genomAD_v2.1.1,1,0.006,NA,3.15,-5.55,-3.87,0.869,25.3,0.296,0.261848
NC_000001.10:g.161140863T>C,PPOX,c.1331T>C,p.Leu444Pro,NA,Stenson et al. 2014 PMID:24077912,1,0.002,NA,3.495,-6.42,-3.6,0.956,26.6,0.961,0.529917
NC_000001.10:g.161140868C>G,PPOX,c.1336C>G,p.Leu446Val,NA,genomAD_v2.1.1,0.99,0.151,NA,1.54,-2.28,-3.28,0.734,21,0.141,0.262447
NC_000001.10:g.161140869T>C,PPOX,c.1337T>C,p.Leu446Pro,NA,genomAD_v2.1.1,1,0.002,NA,3.41,-6.36,-3.41,0.965,27.2,0.72,0.517301
NC_000001.10:g.161140874G>A,PPOX,c.1342G>A,p.Gly448Arg,NA,Stenson et al. 2014 PMID:24077912,1,0,NA,3.64,-7.87,-7.86,0.979,28,0.961,0.582401
NC_000001.10:g.161140877G>A,PPOX,c.1345G>A,p.Ala449Thr,NA,genomAD_v2.1.1,0.98,0.057,NA,2.945,-2,-3.1,0.694,25.7,0.251,0.131034
NC_000001.10:g.161140878C>A,PPOX,c.1346C>A,p.Ala449Asp,NA,genomAD_v2.1.1,0.999,0.032,NA,2.945,-3.46,-2.91,0.84,27.3,0.856,0.322305
NC_000001.10:g.161140880T>C,PPOX,c.1348T>C,p.Ser450Pro,NA,Stenson et al. 2014 PMID:24077912,1,0.033,NA,3.34,-4.6,-3.13,0.905,27.7,0.695,0.474868
NC_000001.10:g.161140884A>G,PPOX,c.1352A>G,p.Tyr451Cys,NA,genomAD_v2.1.1,1,0.001,NA,3.47,-8.48,-3,0.891,25,0.456,0.417267
NC_000001.10:g.161140886G>A,PPOX,c.1354G>A,p.Glu452Lys,NA,genomAD_v2.1.1,0.004,0.301,NA,-0.145,-1.43,-3,0.309,19,0.143,-0.065379
NC_000001.10:g.161140890G>T,PPOX,c.1358G>T,p.Gly453Val,NA,Stenson et al. 2014 PMID:24077912,1,0,NA,3.63,-8.56,-4.29,0.989,32,0.93,0.576336
NC_000001.10:g.161140893T>C,PPOX,c.1361T>C,p.Val454Ala,NA,genomAD_v2.1.1,0.987,0.004,NA,3.19,-3.85,-3.1,0.892,26,0.624,0.293687
NC_000001.10:g.161140908G>A,PPOX,c.1376G>A,p.Cys459Tyr,NA,Stenson et al. 2014 PMID:24077912,1,0.003,NA,3.135,-5.02,-3.12,0.897,29.6,0.986,0.410482
NC_000001.10:g.161140922C>T,PPOX,c.1390C>T,p.Arg464Cys,VCV003000073,genomAD_v2.1.1,1,0.001,NA,3.085,-5.62,-3.14,0.865,32,0.189,0.396267
NC_000001.10:g.161140923G>A,PPOX,c.1391G>A,p.Arg464His,NA,genomAD_v2.1.1,1,0.007,NA,2.74,-3.31,-3.19,0.841,28.2,0.131,0.286091
NC_000001.10:g.161140927G>C,PPOX,c.1395G>C,p.Gln465His,NA,genomAD_v2.1.1,0.541,0.196,NA,1.935,-1.92,-3.03,0.431,19.69,0.203,0.0930852
NC_000001.10:g.161140937A>G,PPOX,c.1405A>G,p.Ser469Gly,NA,genomAD_v2.1.1,0,0.47,NA,-0.145,-1.31,-3,0.219,9.791,0.078,-0.169555
NC_000001.10:g.161140952G>A,PPOX,c.1420G>A,p.Glu474Lys,NA,genomAD_v2.1.1,0.004,0.275,NA,1.355,-0.04,-4.42,0.306,19.39,0.108,0.128152
NC_000001.10:g.161140953A>G,PPOX,c.1421A>G,p.Glu474Gly,VCV002190445,genomAD_v2.1.1,0,0.026,NA,1.7,-0.98,-4.51,0.327,17.38,0.086,-0.199061
NC_000001.10:g.161140959A>C,PPOX,c.1427A>C,p.Asn476Thr,NA,genomAD_v2.1.1,0.016,0,NA,1.245,-0.5,-4.39,0.318,14.82,0.08,0.0200096
NC_000001.10:g.161140960C>A,PPOX,c.1428C>A,p.Asn476Lys,NA,genomAD_v2.1.1,0,0,NA,1.245,-0.25,-4.35,0.244,3.849,0.129,-0.0339595
NC_000003.11:g.98299531G>A,CPOX,c.1361G>A,p.Arg454His,NA,genomAD_v2.1.1,0.021,0.035,NA,0,-1.7,-3.3,0.149,15.05,0.085,-0.121836
NC_000003.11:g.98299531G>T,CPOX,c.1361G>T,p.Arg454Leu,NA,genomAD_v2.1.1,0,0.031,NA,-1.95,1.27,-3.35,0.144,16.53,0.082,-0.24448
NC_000003.11:g.98299532C>T,CPOX,c.1360C>T,p.Arg454Cys,NA,genomAD_v2.1.1,0.022,0.03,NA,-0.55,-0.08,-3.29,0.259,19.63,0.095,0.0492864
NC_000003.11:g.98299540A>G,CPOX,c.1352A>G,p.Asp451Gly,NA,genomAD_v2.1.1,0.964,0.017,NA,2.91,-5.85,-3.37,0.887,27.1,0.213,0.192039
NC_000003.11:g.98299549A>G,CPOX,c.1343A>G,p.His448Arg,NA,genomAD_v2.1.1,0.926,0.014,NA,0.7,-3.17,-3.13,0.642,26.4,0.551,0.139351
NC_000003.11:g.98299552G>A,CPOX,c.1340G>A,p.Arg447His,VCV002961116,genomAD_v2.1.1,0.775,0.033,NA,0.525,-4.99,-3.05,0.462,24.8,0.206,0.113038
NC_000003.11:g.98299553G>A,CPOX,c.1339C>T,p.Arg447Cys,VCV000000459,Stenson et al. 2014 PMID:24077912,1,0.006,NA,2.965,-5.89,-3.23,0.856,29.4,0.119,0.0434571
NC_000003.11:g.98299574G>A,CPOX,c.1318G>A,p.Ala440Thr,NA,genomAD_v2.1.1,0.018,0.565,NA,2.61,-0.54,-3.26,0.408,23.4,0.099,0.173538
NC_000003.11:g.98299580A>G,CPOX,c.1312A>G,p.Lys438Glu,VCV001036864,genomAD_v2.1.1,0.862,0.094,NA,1.995,-1.72,-3.18,0.504,25.2,0.109,0.0514104
NC_000003.11:g.98299600A>G,CPOX,c.1292A>G,p.His431Arg,VCV000798192,genomAD_v2.1.1,0.97,0.014,NA,2.965,-8.59,-3.17,0.894,27.6,0.326,0.413436
NC_000003.11:g.98299600T>A,CPOX,c.1292A>T,p.His431Leu,NA,Stenson et al. 2014 PMID:24077912,0.875,0.01,NA,2.885,-9.56,-3.08,0.838,27.2,0.288,0.326236
NC_000003.11:g.98299604A>C,CPOX,c.1288A>C,p.Met430Leu,NA,genomAD_v2.1.1,0.88,0.049,NA,3.265,-3.59,-3.12,0.867,24.2,0.265,0.211386
NC_000003.11:g.98299604A>G,CPOX,c.1288A>G,p.Met430Val,NA,genomAD_v2.1.1,0.575,0.058,NA,3.61,-2.7,-3.12,0.743,24.4,0.234,0.304835
NC_000003.11:g.98299613A>G,CPOX,c.1279T>C,p.Trp427Arg,NA,Stenson et al. 2014 PMID:24077912,1,0,NA,4.325,-13.51,-4.28,0.944,31,0.999,0.589659
NC_000003.11:g.98300255G>T,CPOX,c.1273G>T,p.Ala425Ser,NA,genomAD_v2.1.1,1,0.001,NA,3.345,-3.86,-3.42,0.937,28.6,0.446,0.510225
NC_000003.11:g.98300271G>A,CPOX,c.1257G>A,p.Met419Ile,NA,genomAD_v2.1.1,0.916,0.037,NA,3.415,-3.73,-3.32,0.912,28.5,0.778,0.451905
NC_000003.11:g.98300281G>A,CPOX,c.1247G>A,p.Ser416Asn,NA,genomAD_v2.1.1,1,0,NA,4.615,-5.79,-3.75,0.956,32,0.962,0.561896
NC_000003.11:g.98300296G>T,CPOX,c.1232G>T,p.Gly411Val,NA,genomAD_v2.1.1,0.979,0.083,NA,2.67,-6.09,-3.37,0.928,27.7,0.543,0.486137
NC_000003.11:g.98300318T>C,CPOX,c.1210A>G,p.Lys404Glu,VCV000000453,Stenson et al. 2014 PMID:24077912,0.999,0.09,NA,3.615,-3.86,-3.21,0.942,27.1,0.928,0.369609
NC_000003.11:g.98300327G>A,CPOX,c.1201C>T,p.Arg401Trp,NA,Stenson et al. 2014 PMID:24077912,1,0,NA,4.665,-7.72,-3.87,0.948,25.4,0.924,0.413029
NC_000003.11:g.98300332A>G,CPOX,c.1196A>G,p.Tyr399Cys,VCV001431929,genomAD_v2.1.1,1,0.003,NA,4.4,-8.55,-3.58,0.952,28,0.639,0.546083
NC_000003.11:g.98300335A>G,CPOX,c.1193T>C,p.Leu398Pro,NA,Stenson et al. 2014 PMID:24077912,0.984,0,NA,3.185,-4.33,-3.41,0.909,27.8,0.976,0.534512
NC_000003.11:g.98300353T>C,CPOX,c.1175A>G,p.Tyr392Cys,NA,Stenson et al. 2014 PMID:24077912,1,0,NA,4.7,-8.69,-4.6,0.989,28.2,0.944,0.587787
NC_000003.11:g.98304285G>A,CPOX,c.1172G>A,p.Arg391Gln,VCV001444082,genomAD_v2.1.1,1,0.001,NA,NA,-6.77,-3.59,0.963,36,0.953,0.515514
NC_000003.11:g.98304286G>A,CPOX,c.1171C>T,p.Arg391Trp,VCV001473462,Stenson et al. 2014 PMID:24077912,1,0,NA,NA,-7.73,-3.67,0.925,33,0.656,0.391987
NC_000003.11:g.98304318A>C,CPOX,c.1139A>C,p.Gln380Pro,NA,genomAD_v2.1.1,0,0.401,NA,0.11,-0.43,-3.1,0.284,20.2,0.07,-0.0188179
NC_000003.11:g.98304321C>A,CPOX,c.1136C>A,p.Pro379His,NA,genomAD_v2.1.1,0.066,0.099,NA,2.48,-2.9,-3.16,0.42,25,0.09,0.0189895
NC_000003.11:g.98304321C>T,CPOX,c.1136C>T,p.Pro379Leu,NA,genomAD_v2.1.1,0.477,0.043,NA,2.825,-0.46,-3.18,0.493,26.2,0.099,0.147312
NC_000003.11:g.98304339G>A,CPOX,c.1118G>A,p.Cys373Tyr,NA,genomAD_v2.1.1,0.757,0.096,NA,0.355,-1.35,-3.12,0.265,22.4,0.132,0.0268189
NC_000003.11:g.98304339G>T,CPOX,c.1118G>T,p.Cys373Phe,NA,genomAD_v2.1.1,0.609,0.136,NA,1.035,-0.76,-3.12,0.26,20.1,0.122,0.0289387
NC_000003.11:g.98304343C>T,CPOX,c.1114C>T,p.His372Tyr,NA,genomAD_v2.1.1,0.702,0.048,NA,0.94,-5.93,-3.15,0.671,25.9,0.388,0.172958
NC_000003.11:g.98304346A>C,CPOX,c.1111A>C,p.Lys371Gln,NA,genomAD_v2.1.1,0.923,0.01,NA,3.02,-3.38,-3.37,0.884,27.5,0.182,0.467067
NC_000003.11:g.98304349A>G,CPOX,c.1108A>G,p.Lys370Glu,VCV000346975,genomAD_v2.1.1,0.013,0.283,NA,0.625,-0.21,-3.17,0.198,19.51,0.075,0.076027
NC_000003.11:g.98304358G>C,CPOX,c.1099C>G,p.Pro367Ala,NA,Stenson et al. 2014 PMID:24077912,0.991,0.024,NA,2.675,-7.73,-3.3,0.892,26.6,0.276,0.486812
NC_000003.11:g.98304375T>C,CPOX,c.1082T>C,p.Val361Ala,NA,genomAD_v2.1.1,0.997,0.006,NA,3.36,-6.43,-3.27,0.846,26.6,0.795,0.482662
NC_000003.11:g.98304387G>A,CPOX,c.1070G>A,p.Cys357Tyr,VCV002971443,genomAD_v2.1.1,1,0.002,NA,3.925,-10.63,-3.15,0.909,32,0.913,0.51423
NC_000003.11:g.98304390G>A,CPOX,c.1067G>A,p.Ser356Asn,NA,genomAD_v2.1.1,0.998,0.009,NA,3.525,-5.1,-3.26,0.823,27.1,0.652,0.30905
NC_000003.11:g.98304393T>C,CPOX,c.1064A>G,p.Gln355Arg,NA,Stenson et al. 2014 PMID:24077912,0,0.561,NA,0.165,-0.53,-3.13,0.29,21.2,0.081,-0.117313
NC_000003.11:g.98304402G>A,CPOX,c.1055G>A,p.Arg352His,NA,genomAD_v2.1.1,0.059,0.283,NA,1.165,-3.02,-3.16,0.148,15,0.077,-0.0431163
NC_000003.11:g.98304403C>A,CPOX,c.1054C>A,p.Arg352Ser,NA,genomAD_v2.1.1,0.012,0.05,NA,1.795,-3.32,-3.21,0.186,17.07,0.069,-0.494627
NC_000003.11:g.98304403C>T,CPOX,c.1054C>T,p.Arg352Cys,VCV000346976,genomAD_v2.1.1,0.004,0.825,NA,-0.54,-0.35,-3.1,0.224,11.25,0.109,-0.206454
NC_000003.11:g.98304417A>C,CPOX,c.1040A>C,p.Lys347Thr,NA,genomAD_v2.1.1,0.057,0.461,NA,1.655,-0.79,-3.14,0.442,23.4,0.086,0.047413
NC_000003.11:g.98304423C>T,CPOX,c.1034C>T,p.Pro345Leu,NA,genomAD_v2.1.1,0.997,0.231,NA,2.65,-6.47,-3.11,0.683,25.4,0.25,0.199564
NC_000003.11:g.98304426C>T,CPOX,c.1031C>T,p.Ser344Phe,NA,genomAD_v2.1.1,0.945,0.023,NA,3.06,-3.17,-3.26,0.727,26.8,0.099,0.262035
NC_000003.11:g.98304448A>G,CPOX,c.1009A>G,p.Ile337Val,VCV000650106,genomAD_v2.1.1,0.909,0.03,NA,1.73,-1.93,-3.31,0.842,26.2,0.197,0.379059
NC_000003.11:g.98304462C>T,CPOX,c.995G>A,p.Arg332Gln,VCV000449558,Stenson et al. 2014 PMID:24077912,1,0,4,4.695,-3.87,-4.5,0.958,33,0.919,0.572339
NC_000003.11:g.98304465G>A,CPOX,c.992G>A,p.Arg331Gln,NA,genomAD_v2.1.1,0.942,0.127,NA,3.165,-4.01,-3.14,0.685,26.2,0.621,0.181575
NC_000003.11:g.98304466G>A,CPOX,c.991C>T,p.Arg331Trp,VCV000000451,Stenson et al. 2014 PMID:24077912,1,0.028,9,3.165,-4.91,-3.21,0.876,27.5,0.415,0.373399
NC_000003.11:g.98304474G>A,CPOX,c.983G>A,p.Arg328His,NA,genomAD_v2.1.1,1,0,NA,4.345,-6.77,-4.22,0.977,32,0.98,0.56955
NC_000003.11:g.98304475G>A,CPOX,c.982C>T,p.Arg328Cys,VCV000000461,Stenson et al. 2014 PMID:24077912,1,0,4,4.69,-7.73,-4.25,0.976,33,0.897,0.568461
NC_000003.11:g.98304477T>C,CPOX,c.980A>G,p.His327Arg,VCV000126445,Stenson et al. 2014 PMID:24077912,0.999,0.001,1,4.685,-7.47,-3.56,0.974,26.5,0.917,0.536457
NC_000003.11:g.98304478C>T,CPOX,c.979C>T,p.His327Tyr,NA,genomAD_v2.1.1,0.999,0.001,NA,4.685,-6.53,-3.58,0.891,29.4,0.904,0.311253
NC_000003.11:g.98304487T>C,CPOX,c.970T>C,p.Phe324Leu,NA,genomAD_v2.1.1,0.004,0.171,NA,1.63,-3.12,-3.23,0.287,18.69,0.105,0.0519353
NC_000003.11:g.98304502A>G,CPOX,c.955T>C,p.Cys319Arg,NA,Stenson et al. 2014 PMID:24077912,1,0,9,4.625,-11.6,-3.63,0.952,32,0.988,0.554533
NC_000003.11:g.98307578A>G,CPOX,c.932T>C,p.Leu311Pro,NA,Stenson et al. 2014 PMID:24077912,0.993,0.005,9,2.42,-3.13,-3.29,0.836,26.9,0.661,0.447945
NC_000003.11:g.98307587C>A,CPOX,c.923G>T,p.Gly308Val,NA,Stenson et al. 2014 PMID:24077912,0.997,0.001,9,3.195,-2.77,-3.33,0.774,25.4,0.264,0.321194
NC_000003.11:g.98307602C>A,CPOX,c.908C>A,p.Ala303Asp,NA,genomAD_v2.1.1,0.992,0.236,NA,1.685,-3.4,-3.23,0.857,26.4,0.136,0.407418
NC_000003.11:g.98307611A>G,CPOX,c.899T>C,p.Leu300Pro,NA,Stenson et al. 2014 PMID:24077912,1,0.019,7,4,-6.77,-3.32,0.934,28.8,0.989,0.528608
NC_000003.11:g.98307617G>A,CPOX,c.893G>A,p.Arg298Lys,NA,genomAD_v2.1.1,0.123,0.029,NA,2.865,-4.14,-3.23,0.559,22,0.158,0.175224
NC_000003.11:g.98307627G>C,CPOX,c.883C>G,p.His295Asp,VCV000000456,Stenson et al. 2014 PMID:24077912,0.997,0.002,9,2.76,-8.45,-3.26,0.924,29.1,0.449,0.516876
NC_000003.11:g.98307630G>A,CPOX,c.880G>A,p.Val294Ile,VCV000346978,genomAD_v2.1.1,0.043,0.063,NA,2.89,-2.51,-3.22,0.398,23.6,0.124,0.141247
NC_000003.11:g.98307632C>T,CPOX,c.878C>T,p.Ala293Val,VCV000650394,genomAD_v2.1.1,0.999,0.002,NA,4.165,-4.79,-3.34,0.866,28.9,0.964,0.524127
NC_000003.11:g.98307633C>G,CPOX,c.877G>C,p.Ala293Pro,NA,Stenson et al. 2014 PMID:24077912,1,0.006,9,3.82,-3.94,-3.34,0.932,33,0.959,0.521698
NC_000003.11:g.98307633C>T,CPOX,c.877G>A,p.Ala293Thr,VCV000449559,Stenson et al. 2014 PMID:24077912,1,0.007,9,1.84,-2.73,-3.24,0.901,31,0.24,0.291209
NC_000003.11:g.98307644A>G,CPOX,c.866A>G,p.Asn289Ser,VCV001960770,genomAD_v2.1.1,0.638,0.371,NA,3.27,-3.83,-3.12,0.546,23.7,0.216,0.139
NC_000003.11:g.98307647A>C,CPOX,c.863T>G,p.Leu288Trp,NA,Stenson et al. 2014 PMID:24077912,1,0,9,3.955,-5.68,-3.31,0.818,28.2,0.417,0.287496
NC_000003.11:g.98307653G>T,CPOX,c.857C>A,p.Thr286Lys,NA,Stenson et al. 2014 PMID:24077912,0.995,0.131,9,2.69,-1.65,-3.16,0.702,24.7,0.854,0.40529
NC_000003.11:g.98307656G>A,CPOX,c.854C>T,p.Pro285Leu,NA,Stenson et al. 2014 PMID:24077912,1,0,8,4.705,-9.6,-4.78,0.966,32,0.883,0.595309
NC_000003.11:g.98307665A>C,CPOX,c.845A>C,p.Asp282Ala,NA,genomAD_v2.1.1,1,0,NA,4.705,-6.77,-4.64,0.969,29.2,0.993,0.462252
NC_000003.11:g.98307665A>G,CPOX,c.845A>G,p.Asp282Gly,NA,genomAD_v2.1.1,1,0,NA,4.705,-7.7,-4.65,0.968,30,0.994,0.588666
NC_000003.11:g.98307672C>T,CPOX,c.838G>A,p.Gly280Arg,NA,Stenson et al. 2014 PMID:24077912,0.962,0,9,4.695,-7.68,-4.72,0.96,32,0.98,0.562739
NC_000003.11:g.98307675C>G,CPOX,c.835G>C,p.Gly279Arg,VCV000000463,Stenson et al. 2014 PMID:24077912,1,0,4,4.7,-7.6,-4.72,0.97,31,0.989,0.586557
NC_000003.11:g.98307687A>G,CPOX,c.823T>C,p.Trp275Arg,NA,Stenson et al. 2014 PMID:24077912,1,0.001,1,2.975,-12.17,-3.27,0.944,28.9,0.965,0.529745
NC_000003.11:g.98307693A>G,CPOX,c.817A>G,p.Lys273Glu,NA,genomAD_v2.1.1,0.282,0.191,NA,1.465,-1.93,-3.16,0.388,22,0.108,0.0799784
NC_000003.11:g.98307696T>G,CPOX,c.814A>C,p.Asn272His,VCV000346979,Stenson et al. 2014 PMID:24077912,0.759,0.104,2,1.59,-1.53,-3.19,0.346,20.4,0.063,-0.503579
NC_000003.11:g.98307698G>A,CPOX,c.812G>A,p.Gly271Asp,NA,genomAD_v2.1.1,0.998,0.009,NA,3.16,-7.5,-3.12,0.88,33,0.622,0.35129
NC_000003.11:g.98309482G>A,CPOX,c.805G>A,p.Ala269Thr,NA,genomAD_v2.1.1,0.009,0.505,NA,1.395,-0.14,-3.14,0.295,21.5,0.093,0.032579
NC_000003.11:g.98309491G>A,CPOX,c.796G>A,p.Val266Ile,NA,genomAD_v2.1.1,0.003,0.333,NA,1.36,-2.37,-3.15,0.452,20.8,0.357,0.0872785
NC_000003.11:g.98309509A>C,CPOX,c.778A>C,p.Asn260His,VCV000660177,genomAD_v2.1.1,1,0.003,NA,3.325,-5,-3.65,0.911,27.8,0.993,0.270126
NC_000003.11:g.98309518A>G,CPOX,c.769A>G,p.Ile257Val,NA,genomAD_v2.1.1,0.002,0.277,NA,1.565,-1.76,-3.15,0.294,16.97,0.092,0.0780452
NC_000003.11:g.98309521A>G,CPOX,c.766A>G,p.Thr256Ala,VCV000903512,genomAD_v2.1.1,1,0.001,NA,4.555,-5.83,-3.55,0.836,25.4,0.628,0.411955
NC_000003.11:g.98309526C>T,CPOX,c.761C>T,p.Ala254Val,VCV001449162,genomAD_v2.1.1,0.592,0.005,NA,3.085,-3.11,-3.36,0.635,25.2,0.952,0.260321
NC_000003.11:g.98309527G>T,CPOX,c.760G>T,p.Ala254Ser,NA,genomAD_v2.1.1,0.003,0.077,NA,2.045,-0.48,-3.31,0.319,22,0.091,0.00968961
NC_000003.11:g.98309529A>G,CPOX,c.758A>G,p.His253Arg,VCV001402043,genomAD_v2.1.1,0.988,0.203,NA,3.775,-5.25,-3.23,0.892,27.1,0.852,0.332805
NC_000003.11:g.98309541G>C,CPOX,c.746C>G,p.Pro249Arg,NA,Stenson et al. 2014 PMID:24077912,1,0,7,4.61,-9,-3.73,0.969,31,0.976,0.560668
NC_000003.11:g.98309542G>A,CPOX,c.745C>T,p.Pro249Ser,VCV001365903,Stenson et al. 2014 PMID:24077912,1,0,7,3.455,-8,-3.71,0.977,29,0.763,0.551259
NC_000003.11:g.98309553G>A,CPOX,c.734C>T,p.Ser245Phe,NA,Stenson et al. 2014 PMID:24077912,0.999,0.115,6,2.675,-4.47,-3.16,0.944,27.4,0.936,0.469964
NC_000003.11:g.98309560G>A,CPOX,c.727G>A,p.Val243Met,NA,genomAD_v2.1.1,0.424,0.952,NA,1.125,-2.46,-3.36,0.706,19.62,0.471,0.278738
NC_000003.11:g.98309563C>A,CPOX,c.724G>T,p.Gly242Cys,NA,Stenson et al. 2014 PMID:24077912,1,0,3,4.69,-9,-4.69,0.984,32,0.981,0.573656
NC_000003.11:g.98309566A>C,CPOX,c.721A>C,p.Met241Leu,NA,genomAD_v2.1.1,0.139,0.1,NA,2.62,-0.9,-3.12,0.657,20.4,0.143,0.368671
NC_000003.11:g.98309571G>A,CPOX,c.716G>A,p.Cys239Tyr,VCV000746450,genomAD_v2.1.1,0.008,1,NA,-1.335,2.13,-3,0.241,10.73,0.136,-0.0856885
NC_000003.11:g.98309577C>T,CPOX,c.710C>T,p.Pro237Leu,VCV000648760,genomAD_v2.1.1,0.877,0.045,NA,2.09,-7.67,-3.19,0.715,26.4,0.291,0.25331
NC_000003.11:g.98309858T>C,CPOX,c.698A>G,p.Asp233Gly,NA,Stenson et al. 2014 PMID:24077912,0,0.244,7,0.61,-3.11,-3.15,0.404,34,0.095,0.141241
NC_000003.11:g.98309890G>A,CPOX,c.666G>A,p.Met222Ile,VCV002405402,genomAD_v2.1.1,0.975,0.01,NA,1.72,-4,-3.13,0.819,28.9,0.963,0.335485
NC_000003.11:g.98309892A>G,CPOX,c.664A>G,p.Met222Val,NA,genomAD_v2.1.1,0.346,0.042,NA,1.84,-3,-3.11,0.781,24.5,0.577,0.279864
NC_000003.11:g.98309898A>G,CPOX,c.658A>G,p.Lys220Glu,NA,genomAD_v2.1.1,0.002,0.769,NA,0.985,-0.03,-3.15,0.199,19.96,0.088,0.0444786
NC_000003.11:g.98309915A>C,CPOX,c.641T>G,p.Leu214Arg,NA,Stenson et al. 2014 PMID:24077912,1,0,9,2.705,-5.98,-3.29,0.977,31,0.968,0.513834
NC_000003.11:g.98309924A>G,CPOX,c.632A>G,p.His211Arg,VCV000793344,genomAD_v2.1.1,0.893,0.013,NA,3.47,-5.09,-3.18,0.833,24.5,0.722,0.309928
NC_000003.11:g.98309925C>A,CPOX,c.631C>A,p.His211Asn,VCV002052776,genomAD_v2.1.1,0.028,1,NA,0.79,-2.16,-3.1,0.319,22.9,0.086,-0.155574
NC_000003.11:g.98309925C>T,CPOX,c.631C>T,p.His211Tyr,NA,genomAD_v2.1.1,0.539,0.044,NA,2.775,-3.01,-3.18,0.563,25.4,0.185,-0.0331138
NC_000003.11:g.98309928G>T,CPOX,c.628G>T,p.Val210Phe,NA,genomAD_v2.1.1,0.806,0.074,NA,2.67,-0.93,-3.7,0.56,21.9,0.152,0.10221
NC_000003.11:g.98309933G>A,CPOX,c.623C>T,p.Ser208Phe,VCV000000460,Stenson et al. 2014 PMID:24077912,1,0,9,4.695,-5.98,-4.23,0.968,32,0.984,0.578965
NC_000003.11:g.98309939G>A,CPOX,c.617G>A,p.Ser206Asn,NA,genomAD_v2.1.1,0.94,0.002,NA,2.015,-4.04,-3.21,0.772,24,0.747,0.268858
NC_000003.11:g.98309943C>A,CPOX,c.613G>T,p.Val205Leu,NA,Stenson et al. 2014 PMID:24077912,0.994,0.01,2,3.91,-2.99,-3.67,0.934,28.6,0.815,0.52412
NC_000003.11:g.98309949C>T,CPOX,c.607G>A,p.Ala203Thr,NA,Stenson et al. 2014 PMID:24077912,1,0.001,1,3.91,-3.92,-3.54,0.953,32,0.81,0.520693
NC_000003.11:g.98309955C>T,CPOX,c.601G>A,p.Glu201Lys,VCV000845386,Stenson et al. 2014 PMID:24077912,1,0,1,4.69,-3.98,-4.09,0.954,33,0.964,0.51783
NC_000003.11:g.98309958T>C,CPOX,c.598T>C,p.Phe200Leu,NA,genomAD_v2.1.1,1,0.001,NA,4.005,-6.97,-3.78,0.857,25.6,0.817,0.374268
NC_000003.11:g.98309967C>A,CPOX,c.589G>T,p.Gly197Trp,NA,Stenson et al. 2014 PMID:24077912,1,0,4,4.66,-7.97,-4.85,0.94,32,0.932,0.553017
NC_000003.11:g.98309982T>C,CPOX,c.574T>C,p.Cys192Arg,NA,genomAD_v2.1.1,1,0.32,NA,2.195,-11.95,-3.16,0.869,28.8,0.603,0.46032
NC_000003.11:g.98309991C>T,CPOX,c.565G>A,p.Gly189Ser,NA,Stenson et al. 2014 PMID:24077912,1,0.002,9,4.695,-5.98,-5.37,0.977,33,0.832,0.555577
NC_000003.11:g.98311798A>G,CPOX,c.551A>G,p.Lys184Arg,VCV001402769,genomAD_v2.1.1,0.6,0.231,NA,1.59,-3.7,-3.18,0.63,23.1,0.147,0.119366
NC_000003.11:g.98311807C>A,CPOX,c.542G>T,p.Trp181Leu,NA,Stenson et al. 2014 PMID:24077912,1,0,1,4.61,-12.31,-4.44,0.812,32,0.985,0.510195
NC_000003.11:g.98311826A>G,CPOX,c.523A>G,p.Asn175Asp,NA,genomAD_v2.1.1,0,0.068,NA,-0.57,-1.1,-3.16,0.25,15.54,0.05,-0.158514
NC_000003.11:g.98311829G>A,CPOX,c.520G>A,p.Ala174Thr,VCV000872083,genomAD_v2.1.1,0.22,0.309,NA,2.185,-0.27,-3.18,0.267,18.81,0.081,0.0166694
NC_000003.11:g.98311835G>A,CPOX,c.514G>A,p.Gly172Arg,VCV002540004,genomAD_v2.1.1,0.999,0.001,NA,4,-2.55,-3.38,0.773,26.5,0.258,0.21419
NC_000003.11:g.98311837A>C,CPOX,c.512A>C,p.Asp171Ala,NA,genomAD_v2.1.1,0.983,0.003,NA,3.335,-5.04,-3.49,0.936,31,0.566,0.36787
NC_000003.11:g.98311838C>T,CPOX,c.511G>A,p.Asp171Asn,NA,Stenson et al. 2014 PMID:24077912,0.326,0.065,9,4.025,-2.79,-3.48,0.752,29.7,0.676,0.0929502
NC_000003.11:g.98311862G>T,CPOX,c.487G>T,p.Val163Leu,VCV000346983,genomAD_v2.1.1,0.995,0.023,NA,1.76,-0.37,-3.33,0.591,28.2,0.355,0.106128
NC_000003.11:g.98311864T>G,CPOX,c.485A>C,p.Gln162Pro,NA,Stenson et al. 2014 PMID:24077912,0.079,0.038,1,2.635,-2.17,-3.22,0.793,25.1,0.543,0.31723
NC_000003.11:g.98311895A>G,CPOX,c.454A>G,p.Met152Val,NA,genomAD_v2.1.1,0.958,0.037,NA,3.195,-2.79,-3.07,0.807,25.3,0.725,0.289928
NC_000003.11:g.98311900C>A,CPOX,c.449C>A,p.Thr150Asn,NA,genomAD_v2.1.1,0.934,0.182,NA,2.54,-3.67,-3.16,0.775,24.5,0.473,0.281962
NC_000003.11:g.98311903A>C,CPOX,c.446A>C,p.Lys149Thr,NA,genomAD_v2.1.1,0.009,1,NA,2.045,-1.17,-3.11,0.317,18.09,0.071,-0.0413974
NC_000003.11:g.98311912G>A,CPOX,c.437G>A,p.Gly146Asp,NA,genomAD_v2.1.1,0.143,0.245,NA,0.895,-2.4,-3.13,0.122,12.32,0.103,-0.0669037
NC_000003.11:g.98311945A>G,CPOX,c.404T>C,p.Val135Ala,VCV001303198,Stenson et al. 2014 PMID:24077912,0.989,0.116,8,2.045,-3.44,-3.45,0.877,23.8,0.616,0.349252
NC_000003.11:g.98311948G>T,CPOX,c.401C>A,p.Pro134His,NA,Stenson et al. 2014 PMID:24077912,1,0.003,9,2.045,-8.17,-3.52,0.686,25.1,0.742,0.32415
NC_000003.11:g.98311951C>A,CPOX,c.398C>A,p.Pro133Gln,NA,genomAD_v2.1.1,0.002,0.121,NA,0.895,-2.44,-3.26,0.098,12.59,0.067,0.00602149
NC_000003.11:g.98311952C>A,CPOX,c.397C>A,p.Pro133Thr,NA,genomAD_v2.1.1,0,0.278,NA,0.145,-0.52,-3.21,0.122,0.167,0.069,-0.118749
NC_000003.11:g.98311954C>T,CPOX,c.395C>T,p.Ala132Val,VCV000346984,genomAD_v2.1.1,0.992,0.076,NA,1.59,-4.37,-3.42,0.542,22.3,0.338,0.141574
NC_000003.11:g.98311957T>C,CPOX,c.392T>C,p.Met131Thr,VCV002064719,genomAD_v2.1.1,0.999,0.03,NA,2.045,-5.37,-3.37,0.866,24.9,0.41,0.481676
NC_000003.11:g.98311970T>C,CPOX,c.379T>C,p.Cys127Arg,NA,genomAD_v2.1.1,0.002,0.358,NA,2.045,-2.78,-3.32,0.727,21.1,0.21,0.405849
NC_000003.11:g.98311973G>A,CPOX,c.376C>T,p.Arg126Cys,NA,Stenson et al. 2014 PMID:24077912,0.999,0.008,2,1.995,-1.53,-3.45,0.741,25.5,0.127,0.405326
NC_000003.11:g.98311975A>C,CPOX,c.374A>C,p.His125Pro,NA,genomAD_v2.1.1,0,1,NA,-1.79,0.06,-3.17,0.194,13.19,0.044,-0.130495
NC_000003.11:g.98312002C>A,CPOX,c.347C>A,p.Pro116Gln,NA,genomAD_v2.1.1,0.001,0.218,NA,0.55,-0.14,-3.25,0.192,12.66,0.076,-0.0407194
NC_000003.11:g.98312023G>T,CPOX,c.326G>T,p.Arg109Leu,NA,genomAD_v2.1.1,0.007,0.627,NA,1.01,-0.11,-3.32,0.11,12.42,0.078,-0.0699265
NC_000003.11:g.98312035C>T,CPOX,c.314C>T,p.Thr105Ile,NA,genomAD_v2.1.1,0,0.397,NA,0.345,-0.59,-3.3,0.12,11.57,0.073,-0.107356
NC_000003.11:g.98312053C>T,CPOX,c.296C>T,p.Ala99Val,NA,genomAD_v2.1.1,0.999,0.11,NA,2.045,-1.15,-3.45,0.687,25.1,0.309,0.402321
NC_000003.11:g.98312059A>C,CPOX,c.290A>C,p.Gln97Pro,NA,genomAD_v2.1.1,0,0.416,NA,1.78,-0.52,-3.28,0.198,16.65,0.068,-0.01393
NC_000003.11:g.98312065A>G,CPOX,c.284A>G,p.His95Arg,NA,genomAD_v2.1.1,0.971,0.071,NA,1.935,-2.47,-3.34,0.736,21.1,0.073,0.295577
NC_000003.11:g.98312074C>T,CPOX,c.275C>T,p.Ala92Val,NA,genomAD_v2.1.1,0,0.036,NA,1.78,-1.47,-3.46,0.258,14.1,0.443,0.105089
NC_000003.11:g.98312080C>T,CPOX,c.269C>T,p.Thr90Ile,NA,genomAD_v2.1.1,0,0.113,NA,0,-0.96,-3.3,0.212,12.97,0.234,-0.0209502
NC_000003.11:g.98312081A>G,CPOX,c.268A>G,p.Thr90Ala,NA,genomAD_v2.1.1,0.022,0.071,NA,0,-1.44,-3.33,0.211,14.16,0.114,0.041183
NC_000003.11:g.98312086A>T,CPOX,c.263T>A,p.Leu88Gln,NA,Stenson et al. 2014 PMID:24077912,0.769,0.236,3,1.995,-0.57,-3.44,0.624,20.6,0.212,0.415753
NC_000003.11:g.98312092T>C,CPOX,c.257T>C,p.Val86Ala,NA,genomAD_v2.1.1,0.043,0.28,NA,1.245,-1.01,-3.35,0.322,11.31,0.061,0.10203
NC_000003.11:g.98312108G>T,CPOX,c.241G>T,p.Ala81Ser,NA,genomAD_v2.1.1,0.001,0.233,NA,0.805,-0.19,-3.39,0.196,16.88,0.103,0.00339763
NC_000003.11:g.98312138G>A,CPOX,c.211G>A,p.Gly71Ser,NA,genomAD_v2.1.1,0.998,0.025,NA,1.87,-0.41,-3.38,0.422,21,0.104,0.151879
NC_000003.11:g.98312138G>T,CPOX,c.211G>T,p.Gly71Cys,NA,genomAD_v2.1.1,0.287,0.231,NA,1.52,0.16,-3.26,0.138,15.8,0.085,0.00367888
NC_000003.11:g.98312156G>A,CPOX,c.193G>A,p.Gly65Ser,NA,genomAD_v2.1.1,0.855,0.018,NA,1.845,-0.91,-3.54,0.449,16.45,0.091,0.0985914
NC_000003.11:g.98312183A>G,CPOX,c.166A>G,p.Thr56Ala,NA,genomAD_v2.1.1,0,0.235,NA,0.49,-0.47,-3.33,0.253,0.01,0.055,-0.0703651
NC_000003.11:g.98312191C>T,CPOX,c.158C>T,p.Pro53Leu,NA,genomAD_v2.1.1,0.228,0.201,NA,0.69,-0.26,-3.23,0.234,16.51,0.078,0.00519305
NC_000003.11:g.98312194G>A,CPOX,c.155G>A,p.Gly52Asp,NA,genomAD_v2.1.1,1,0.008,NA,1.87,0.26,-3.39,0.442,22.5,0.088,0.212852
NC_000003.11:g.98312198C>T,CPOX,c.151C>T,p.Pro51Ser,NA,genomAD_v2.1.1,0.267,0.147,NA,1.87,-0.31,-3.24,0.105,15.32,0.074,0.0586506
NC_000003.11:g.98312212G>A,CPOX,c.137G>A,p.Arg46His,NA,genomAD_v2.1.1,0.029,0.008,NA,1.845,-0.6,-3.28,0.238,13.97,0.112,0.0475439
NC_000003.11:g.98312270T>G,CPOX,c.79T>G,p.Trp27Gly,NA,genomAD_v2.1.1,0,0.014,NA,0,-0.68,-3.21,0.285,12.23,0.114,0.029151
NC_000003.11:g.98312284G>A,CPOX,c.65G>A,p.Gly22Glu,NA,genomAD_v2.1.1,0.731,0,NA,1.245,-0.19,-3.34,0.17,15.67,0.116,0.064105
NC_000003.11:g.98312287G>A,CPOX,c.62G>A,p.Cys21Tyr,NA,genomAD_v2.1.1,0.047,0,NA,1.5,-0.36,-3.25,0.153,17.46,0.079,0.101825
NC_000003.11:g.98312291G>A,CPOX,c.58G>A,p.Gly20Ser,NA,genomAD_v2.1.1,0.983,0.034,NA,0.69,-0.15,-3.35,0.309,20.5,0.096,0.104632
NC_000003.11:g.98312294C>T,CPOX,c.55G>A,p.Gly19Ser,NA,genomAD_v2.1.1,0.455,0,NA,1.61,0.01,-3.23,0.33,16.94,0.104,0.0153894
NC_000003.11:g.98312302T>G,CPOX,c.47T>G,p.Val16Gly,NA,genomAD_v2.1.1,0,1,NA,-1.265,-0.05,-3.26,0.208,8.566,0.048,-0.105118
NC_000003.11:g.98312315C>T,CPOX,c.34C>T,p.Pro12Ser,NA,genomAD_v2.1.1,0.148,0,NA,1.79,-0.25,-3.35,0.226,14.59,0.076,0.119849
NC_000003.11:g.98312344C>T,CPOX,c.5C>T,p.Ala2Val,NA,genomAD_v2.1.1,0.622,0,NA,1.87,-0.72,-3.42,0.518,21.6,0.179,0.173655
NC_000011.9:g.118955746G>A,HMBS,c.3G>A ,p.Met1Ile,NA,Chen et al. 2016 PMID:27539938,0.915,0,5,NA,-1.34,-6.96,0.696,25.3,NA,0.60412
NC_000011.9:g.118955747T>C,HMBS,c.4T>C,p.Ser2Pro,VCV002179942,genomAD_v2.1.1,0.308,0.024,NA,1.15,-0.51,-7.04,0.568,21.6,0.112,0.199919
NC_000011.9:g.118955750G>A,HMBS,c.7G>A,p.Gly3Ser,NA,Chen et al. 2016 PMID:27539938,0.008,0.139,7,1.655,-0.16,-6.92,0.317,20.5,0.097,0.0316201
NC_000011.9:g.118955751G>T,HMBS,c.8G>T,p.Gly3Val,NA,Chen et al. 2016 PMID:27539938,0.099,0.055,7,2.005,-0.68,-6.97,0.328,21.2,0.116,0.188591
NC_000011.9:g.118955759A>C,HMBS,c.16A>C,p.Asn6His,NA,genomAD_v2.1.1,0,0.156,NA,0.345,-0.53,-6.97,0.356,3.559,0.081,-0.0356438
NC_000011.9:g.118955763C>A,HMBS,c.20C>A,p.Ala7Glu,NA,genomAD_v2.1.1,0,0.147,NA,1.39,-0.49,-6.99,0.418,17.07,0.122,0.122189
NC_000011.9:g.118955766C>A,HMBS,c.23C>A,p.Ala8Asp,NA,genomAD_v2.1.1,0,0.324,NA,0.895,-0.67,-7.05,0.339,19.14,0.114,0.0622311
NC_000011.9:g.118955769C>A,HMBS,c.26C>A,p.Ala9Glu,VCV000510995,Chen et al. 2016 PMID:27539938,0.041,0.181,7,0.46,-0.44,-7.02,0.456,15.38,0.12,0.0222186
NC_000011.9:g.118955772C>A,HMBS,c.29C>A,p.Thr10Lys,NA,Chen et al. 2016 PMID:27539938,0.026,0.387,7,1.5,-0.86,-6.93,0.383,18.6,0.083,0.16844
NC_000011.9:g.118955772C>T,HMBS,c.29C>T,p.Thr10Met,VCV002072857,Chen et al. 2016 PMID:27539938,0.173,0.033,7,1.5,-0.31,-7.02,0.346,20.9,0.114,-0.0119055
NC_000011.9:g.118958966A>C,HMBS,c.35A>C,p.Glu12Ala,VCV001979471,Chen et al. 2016 PMID:27539938,0.044,0.081,2,1.795,-0.46,-7,0.441,24.9,0.07,-0.0439642
NC_000011.9:g.118958978C>G,HMBS,c.47C>G,p.Pro16Arg,NA,genomAD_v2.1.1,0,0.219,NA,1.39,-0.46,-6.92,0.324,20.4,0.071,0.118293
NC_000011.9:g.118958989G>T,HMBS,c.58G>T,p.Val20Leu,NA,genomAD_v2.1.1,0.832,0.182,NA,0.915,-1.45,-6.36,0.601,23.8,0.188,0.180984
NC_000011.9:g.118958995C>G,HMBS,c.64C>G,p.Arg22Gly,NA,genomAD_v2.1.1,0.991,0.015,NA,3.925,-5.52,-6.59,0.834,32,0.493,0.548325
NC_000011.9:g.118958995C>T,HMBS,c.64C>T,p.Arg22Cys,VCV001333920,Chen et al. 2016 PMID:27539938,1,0.005,5,3.58,-6.24,-6.63,0.951,34,0.201,0.482131
NC_000011.9:g.118958996G>A,HMBS,c.65G>A,p.Arg22His,VCV001465987,genomAD_v2.1.1,1,0.04,NA,2.425,-3.93,-6.58,0.859,33,0.171,0.177866
NC_000011.9:g.118958998G>A,HMBS,c.67G>A,p.Val23Met,VCV001309502,genomAD_v2.1.1,0.924,0.07,NA,2.715,-2.25,-6.74,0.688,23.5,0.831,0.178535
NC_000011.9:g.118959001G>A,HMBS,c.70G>A,p.Gly24Ser,NA,Lenglet et al. 2018 PMID:29360981,1,0.005,5,3.555,-5.24,-6.93,0.971,35,0.913,0.580651
NC_000011.9:g.118959002G>A,HMBS,c.71G>A,p.Gly24Asp,VCV002137261,Stenson et al. 2014 PMID:24077912,1,0.001,5,4.25,-6.12,-6.99,0.962,34,0.989,0.592683
NC_000011.9:g.118959002G>C,HMBS,c.71G>C,p.Gly24Ala,NA,Stenson et al. 2014 PMID:24077912,1,0.246,5,1.63,-5.24,-6.61,0.877,28.1,0.721,0.519244
NC_000011.9:g.118959007C>T,HMBS,c.76C>T,p.Arg26Cys,VCV000645443,Stenson et al. 2014 PMID:24077912,1,0,7,4.47,-7.03,-7.94,0.909,34,0.977,0.497866
NC_000011.9:g.118959008G>A,HMBS,c.77G>A,p.Arg26His,VCV000001443,Lenglet et al. 2018 PMID:29360981,1,0,7,4.47,-4.39,-7.92,0.97,34,0.985,0.590797
NC_000011.9:g.118959008G>T,HMBS,c.77G>T,p.Arg26Leu,VCV000665873,Stenson et al. 2014 PMID:24077912,0.999,0,7,4.47,-6.15,-7.91,0.974,33,0.978,0.589569
NC_000011.9:g.118959014G>A,HMBS,c.83G>A,p.Ser28Asn,NA,Lenglet et al. 2018 PMID:29360981,0.978,0,9,4.47,-0.5,-6.42,0.923,29.9,0.966,0.312439
NC_000011.9:g.118959018G>T,HMBS,c.87G>T,p.Gln29His,NA,Stenson et al. 2014 PMID:24077912,0.96,0.007,7,2.515,-3.58,-6.45,0.894,35,0.627,0.355962
NC_000011.9:g.118959345C>A,HMBS,c.88C>A,p.Leu30Ile,NA,Stenson et al. 2014 PMID:24077912,1,0,1,4.115,-1.84,-7.38,0.882,26.7,0.89,0.513444
NC_000011.9:g.118959345C>T,HMBS,c.88C>T,p.Leu30Phe,NA,Lenglet et al. 2018 PMID:29360981,1,0,1,4.465,-3.68,-7.45,0.935,27.9,0.977,0.556913
NC_000011.9:g.118959346T>C,HMBS,c.89T>C,p.Leu30Pro,NA,Chen et al. 2016 PMID:30740734,1,0,1,4.465,-6.45,-7.52,0.989,29.7,0.994,0.581213
NC_000011.9:g.118959346T>G,HMBS,c.89T>G,p.Leu30Arg,NA,Stenson et al. 2014 PMID:24077912,1,0,1,4.465,-5.53,-7.52,0.989,30,0.962,0.580965
NC_000011.9:g.118959348G>A,HMBS,c.91G>A,p.Ala31Thr,VCV000001454,Stenson et al. 2014 PMID:24077912,1,0,1,4.455,-3.68,-7.44,0.985,30,0.98,0.592875
NC_000011.9:g.118959348G>C,HMBS,c.91G>C,p.Ala31Pro,NA,Stenson et al. 2014 PMID:24077912,1,0,1,4.455,-4.6,-7.48,0.986,31,0.968,0.593335
NC_000011.9:g.118959349C>T,HMBS,c.92C>T,p.Ala31Val,NA,Stenson et al. 2014 PMID:24077912,1,0,1,4.455,-3.68,-7.45,0.96,31,0.982,0.579789
NC_000011.9:g.118959351C>T,HMBS,c.94 C>T,p.Arg32Cys,NA,Chen et al. 2016 PMID:27539938,1,0.004,6,1.87,-1.39,-6.39,0.852,32,0.144,0.418239
NC_000011.9:g.118959352G>A,HMBS,c.95G>A,p.Arg32His,VCV001957439,genomAD_v2.1.1,1,0.003,NA,1.87,-1.85,-6.39,0.885,29.6,0.19,0.228766
NC_000011.9:g.118959352G>C,HMBS,c.95G>C,p.Arg32Pro,NA,Stenson et al. 2014 PMID:24077912,1,0.006,1,1.87,-2.31,-6.39,0.917,29.4,0.982,0.534993
NC_000011.9:g.118959356A>G,HMBS,c.99A>G,p.Ile33Met,NA,genomAD_v2.1.1,0.994,0.024,NA,3.085,-2.25,-6.51,0.841,23,0.196,0.356938
NC_000011.9:g.118959357C>A,HMBS,c.100C>A,p.Gln34Lys,VCV000001455,Stenson et al. 2014 PMID:24077912,1,0,3,4.47,-3.68,-7.25,0.972,32,0.956,0.580589
NC_000011.9:g.118959358A>C,HMBS,c.101A>C,p.Gln34Pro,NA,Stenson et al. 2014 PMID:24077912,1,0,3,4.47,-5.53,-7.32,0.996,29.5,0.937,0.59403
NC_000011.9:g.118959358A>G,HMBS,c.101A>G,p.Gln34Arg,NA,Stenson et al. 2014 PMID:24077912,1,0,3,4.47,-3.68,-7.27,0.987,28.4,0.967,0.593228
NC_000011.9:g.118959361C>T,HMBS,c.104C>T,p.Thr35Met,VCV000449465,Lenglet et al. 2018 PMID:29360981,1,0,1,3.925,-5.53,-6.59,0.977,32,0.646,0.58096
NC_000011.9:g.118959375G>A,HMBS,c.118G>A,p.Ala40Thr,NA,genomAD_v2.1.1,0.002,0.519,NA,1.755,-0.9,-6.4,0.462,19.1,0.09,0.110247
NC_000011.9:g.118959376C>T,HMBS,c.119C>T,p.Ala40Val,NA,genomAD_v2.1.1,0.109,0.255,NA,2.445,-1.97,-6.44,0.476,23.4,0.165,0.0194581
NC_000011.9:g.118959378A>C,HMBS,c.121A>C,p.Thr41Pro,NA,genomAD_v2.1.1,0.545,0.199,NA,1.04,-5.65,-7.1,0.528,16.82,0.439,0.176195
NC_000011.9:g.118959381T>A,HMBS,c.124T>A,p.Leu42Met,VCV001911478,genomAD_v2.1.1,1,0.022,NA,3.57,-1.84,-7.27,0.839,23.5,0.32,0.377735
NC_000011.9:g.118959382T>C,HMBS,c.125T>C,p.Leu42Ser,VCV002137262,Stenson et al. 2014 PMID:24077912,1,0,4,4.37,-5.53,-7.33,0.991,28,0.989,0.580993
NC_000011.9:g.118959383G>T,HMBS,c.126G>T,p.Leu42Phe,NA,genomAD_v2.1.1,1,0.021,NA,3.68,-3.68,-7.26,0.943,26,0.694,0.300549
NC_000011.9:g.118959388C>T,HMBS,c.131C>T,p.Ala44Val,NA,genomAD_v2.1.1,0.109,0.039,NA,1.235,-1.45,-6.47,0.495,24.8,0.096,0.0543213
NC_000011.9:g.118959391C>T,HMBS,c.134 C>T,p.Ser45Leu,NA,Chen et al. 2016 PMID:27539938,0,0.871,1,-2.075,1.89,-6.27,0.367,17.75,0.062,-0.166188
NC_000011.9:g.118959400G>C,HMBS,c.143G>C,p.Gly48Ala,NA,genomAD_v2.1.1,0.507,0.132,NA,1.32,-1.16,-6.35,0.459,23.4,0.097,0.116425
NC_000011.9:g.118959406A>G,HMBS,c.149A>G,p.Gln50Arg,NA,genomAD_v2.1.1,0.004,0.452,NA,0.43,-1.3,-6.39,0.414,19.46,0.083,-0.0883969
NC_000011.9:g.118959409T>C,HMBS,c.152T>C,p.Phe51Ser,NA,genomAD_v2.1.1,0.994,0.003,NA,2.5,-6.08,-6.39,0.962,27.1,0.932,0.431892
NC_000011.9:g.118959417A>C,HMBS,c.160A>C,p.Ile54Leu,VCV000450425,Chen et al. 2016 PMID:27539938,0.023,0.409,4,0.035,-1.24,-6.33,0.468,16.65,0.192,-0.0367719
NC_000011.9:g.118959794G>T,HMBS,c.163G>T,p.Ala55Ser,VCV000001458,Stenson et al. 2014 PMID:24077912,0.923,0.363,8,0.31,0.31,-6.38,0.643,25.3,0.143,0.453652
NC_000011.9:g.118959797A>G,HMBS,c.166A>G,p.Met56Val,VCV002152835,genomAD_v2.1.1,0.997,0.025,NA,1.885,-3.7,-6.29,0.825,25.7,0.314,0.41418
NC_000011.9:g.118959801C>G,HMBS,c.170C>G,p.Ser57Cys,NA,genomAD_v2.1.1,0.999,0.01,NA,3.1,-3.42,-6.5,0.747,32,0.302,0.295323
NC_000011.9:g.118959804C>A,HMBS,c.173C>A,p.Thr58Asn,NA,Stenson et al. 2014 PMID:24077912,1,0.001,3,3.89,-4.63,-7.09,0.829,33,0.986,0.324553
NC_000011.9:g.118959807C>T,HMBS,c.176C>T,p.Thr59Ile,VCV001346006,Chen et al. 2016 PMID:27539938,0.119,0.431,5,1.275,-1.16,-6.45,0.541,22.5,0.235,0.0307494
NC_000011.9:g.118959809G>A,HMBS,c.178G>A,p.Gly60Arg,NA,Stenson et al. 2014 PMID:24077912,1,0,7,4.465,-7.4,-8.13,0.953,34,0.994,0.542179
NC_000011.9:g.118959812G>A,HMBS,c.181G>A,p.Asp61Asn,NA,Stenson et al. 2014 PMID:24077912,1,0,1,4.47,-4.63,-7.61,0.83,33,0.892,0.290902
NC_000011.9:g.118959812G>C,HMBS,c.181G>C,p.Asp61His,NA,Stenson et al. 2014 PMID:24077912,1,0,1,4.47,-6.48,-7.65,0.964,32,0.975,0.594107
NC_000011.9:g.118959812G>T,HMBS,c.181G>T,p.Asp61Tyr,VCV001678604,Stenson et al. 2014 PMID:24077912,1,0,1,4.47,-8.33,-7.66,0.96,33,0.92,0.594107
NC_000011.9:g.118959817G>C,HMBS,c.186G>C,p.Lys62Asn,VCV000943821,genomAD_v2.1.1,0.07,0.089,NA,1.72,-2.48,-6.63,0.564,23.5,0.432,0.117414
NC_000011.9:g.118959824G>C,HMBS,c.193G>C,p.Asp65His,VCV001037183,Chen et al. 2016 PMID:27539938,1,0.031,6,2.84,-5.36,-6.6,0.822,32,0.638,0.576281
NC_000011.9:g.118959830G>A,HMBS,c.199G>A,p.Ala67Thr,NA,genomAD_v2.1.1,1,0.06,NA,1.075,-2.12,-6.39,0.742,33,0.394,0.408244
NC_000011.9:g.118959833C>T,HMBS,c.202C>T,p.Leu68Phe,NA,Stenson et al. 2014 PMID:24077912,1,0,9,3.2,-3.7,-7.32,0.814,28.8,0.876,0.54023
NC_000011.9:g.118959928T>C,HMBS,c.212T>C,p.Ile71Thr,NA,Chen et al. 2016 PMID:27539938,1,0.019,6,2.95,-4.27,-6.8,0.907,29.3,0.538,0.345821
NC_000011.9:g.118959930G>A,HMBS,c.214G>A,p.Gly72Arg,VCV002053481,Chen et al. 2016 PMID:27539938,1,0,8,4.425,-7.41,-6.72,0.938,35,0.89,0.31532
NC_000011.9:g.118959939A>T,HMBS,c.223A>T,p.Ser75Cys,NA,genomAD_v2.1.1,1,0.003,NA,3.15,-4.07,-6.57,0.961,28.9,0.387,0.419858
NC_000011.9:g.118959940G>A,HMBS,c.224G>A,p.Ser75Asn,VCV001497275,genomAD_v2.1.1,0.767,0.087,NA,1.56,-1.28,-6.54,0.679,27.3,0.403,0.118525
NC_000011.9:g.118959947T>G,HMBS,c.231T>G,p.Phe77Leu,NA,Stenson et al. 2014 PMID:24077912,1,0.003,1,4.41,-5.56,-7.3,0.892,24.5,0.999,0.544732
NC_000011.9:g.118959948A>C,HMBS,c.232A>C,p.Thr78Pro,NA,Stenson et al. 2014 PMID:24077912,1,0.001,7,4.08,-5.56,-6.62,0.972,27.1,0.861,0.594579
NC_000011.9:g.118959948A>T,HMBS,c.232A>T,p.Thr78Ser,VCV001333909,genomAD_v2.1.1,1,0.004,NA,3.39,-3.71,-6.58,0.919,25.8,0.835,0.440148
NC_000011.9:g.118959954G>A,HMBS,c.238G>A,p.Glu80Lys,NA,genomAD_v2.1.1,1,0.002,NA,4.26,-3.59,-6.97,0.958,33,0.928,0.589128
NC_000011.9:g.118959955A>G,HMBS,c.239A>G,p.Glu80Gly,VCV000850562,Stenson et al. 2014 PMID:24077912,1,0.001,6,3.71,-6.02,-7.01,0.99,33,0.78,0.594681
NC_000011.9:g.118959957C>T,HMBS,c.241C>T,p.Leu81Phe,VCV002975672,genomAD_v2.1.1,1,0.002,NA,3.85,0.45,-6.66,0.889,25.3,0.92,0.415322
NC_000011.9:g.118959958T>C,HMBS,c.242T>C,p.Leu81Pro,VCV000001485,Stenson et al. 2014 PMID:24077912,1,0,9,4.2,-5.19,-6.73,0.976,28.4,0.99,0.58477
NC_000011.9:g.118959960G>C,HMBS,c.244G>C,p.Glu82Gln,NA,genomAD_v2.1.1,1,0,NA,3.115,-2.78,-6.72,0.936,29.8,0.779,0.492193
NC_000011.9:g.118959970T>G,HMBS,c.254T>G,p.Leu85Arg,NA,Stenson et al. 2014 PMID:24077912,1,0,6,4.3,-4.96,-7.27,0.956,29.1,0.958,0.584267
NC_000011.9:g.118959972G>A,HMBS,c.256G>A,p.Glu86Lys,NA,Chen et al. 2016 PMID:27539938,0.998,0.851,4,1.57,-1.16,-6.38,0.799,25.8,0.255,0.433585
NC_000011.9:g.118959973A>T,HMBS,c.257A>T,p.Glu86Val,VCV000161252,Chen et al. 2016 PMID:27539938,0.996,0.277,4,1.09,-1.47,-6.28,0.899,25.5,0.333,0.305539
NC_000011.9:g.118959979A>T,HMBS,c.263A>T,p.Asn88Ile,NA,genomAD_v2.1.1,1,0.014,NA,2.73,-5.79,-6.5,0.899,27.7,0.594,0.25417
NC_000011.9:g.118959981G>A,HMBS,c.265G>A,p.Glu89Lys,NA,genomAD_v2.1.1,0.999,0.187,NA,1.2,-2,-6.47,0.748,32,0.22,0.383998
NC_000011.9:g.118960395T>G,HMBS,c.269T>G,p.Val90Gly,NA,Stenson et al. 2014 PMID:24077912,1,0,2,3.205,-6.07,-6.58,0.964,29.3,0.668,0.568903
NC_000011.9:g.118960401T>C,HMBS,c.275T>C,p.Leu92Pro,VCV001030657,Stenson et al. 2014 PMID:24077912,1,0.003,6,3.38,-5.12,-6.73,0.987,29.4,0.995,0.565599
NC_000011.9:g.118960403G>T,HMBS,c.277G>T,p.Val93Phe,NA,Stenson et al. 2014 PMID:24077912,1,0.035,9,2.865,-3.5,-6.53,0.941,32,0.916,0.559558
NC_000011.9:g.118960404T>A,HMBS,c.278T>A,p.Val93Asp,NA,Stenson et al. 2014 PMID:24077912,1,0.008,9,2.865,-5.2,-6.54,0.985,30,0.996,0.560476
NC_000011.9:g.118960413C>T,HMBS,c.287C>T,p.Ser96Phe,NA,Lenglet et al. 2018 PMID:29360981,1,0,9,4.455,-5.56,-7.4,0.972,33,0.989,0.577017
NC_000011.9:g.118960416T>C,HMBS,c.290T>C,p.Leu97Ser,NA,genomAD_v2.1.1,1,0,NA,2.89,-5.46,-6.77,0.937,28.8,0.976,0.46769
NC_000011.9:g.118960418A>G,HMBS,c.292A>G,p.Lys98Glu,VCV001477603,Stenson et al. 2014 PMID:24077912,1,0,8,4.47,-3.71,-7.54,0.968,27.4,0.996,0.582901
NC_000011.9:g.118960419A>G,HMBS,c.293A>G,p.Lys98Arg,NA,Stenson et al. 2014 PMID:24077912,1,0,8,4.47,-2.78,-7.49,0.959,32,0.909,0.582676
NC_000011.9:g.118960421G>A,HMBS,c.295G>A,p.Asp99Asn,VCV002735768,Stenson et al. 2014 PMID:24077912,1,0,6,4.47,-4.55,-7.61,0.801,33,0.995,0.287337
NC_000011.9:g.118960421G>C,HMBS,c.295G>C,p.Asp99His,NA,Stenson et al. 2014 PMID:24077912,1,0,6,4.47,-6.49,-7.65,0.979,33,0.998,0.584748
NC_000011.9:g.118960422A>G,HMBS,c.296A>G,p.Asp99Gly,NA,Stenson et al. 2014 PMID:24077912,1,0,6,4.47,-6.5,-7.63,0.984,33,0.999,0.583955
NC_000011.9:g.118960425T>C,HMBS,c.299T>C,p.Leu100Pro,VCV000657585,Stenson et al. 2014 PMID:24077912,0.996,0.001,9,3.605,-5.93,-6.68,0.975,30,0.997,0.549963
NC_000011.9:g.118960431C>T,HMBS,c.305C>T,p.Thr102Ile,NA,genomAD_v2.1.1,1,0.001,NA,2.865,-5.1,-6.45,0.781,28.4,0.834,0.521964
NC_000011.9:g.118960450C>A,HMBS,c.324C>A,p.Phe108Leu,NA,genomAD_v2.1.1,0.966,1,NA,-0.96,0.78,-5.93,0.605,21.6,0.914,0.280489
NC_000011.9:g.118960457G>A,HMBS,c.331G>A,p.Gly111Arg,VCV000001464,Lenglet et al. 2018 PMID:29360981,1,0.001,6,3.3,-6.26,-6.51,0.965,34,0.951,0.572054
NC_000011.9:g.118960458G>C,HMBS,c.332G>C,p.Gly111Ala,NA,Chen et al. 2016 PMID:27539938,1,0.124,5,1.25,-4.14,-6.36,0.746,27,0.277,0.440669
NC_000011.9:g.118960460G>A,HMBS,c.334G>A,p.Ala112Thr,NA,genomAD_v2.1.1,1,0.083,NA,2.155,-2.41,-6.58,0.742,29,0.373,0.50084
NC_000011.9:g.118960460G>C,HMBS,c.334G>C,p.Ala112Pro,NA,Stenson et al. 2014 PMID:24077912,1,0.011,3,3.28,-3.81,-6.68,0.874,33,0.981,0.563386
NC_000011.9:g.118960461C>A,HMBS,c.335C>A,p.Ala112Asp,NA,Stenson et al. 2014 PMID:24077912,1,0.003,3,3.74,-4.6,-6.68,0.934,30,0.979,0.572358
NC_000011.9:g.118960464T>C,HMBS,c.338T>C,p.Ile113Thr,NA,Stenson et al. 2014 PMID:24077912,0.571,0.026,5,2.055,-3.83,-6.74,0.784,25.1,0.72,0.47454
NC_000011.9:g.118960469A>C,HMBS,c.343A>C,p.Lys115Gln,NA,Chen et al. 2016 PMID:27539938,0.081,0.062,3,1.365,-1.62,-6.51,0.555,28.8,0.113,0.0907296
NC_000011.9:g.118960701C>T,HMBS,c.346C>T,p.Arg116Trp,VCV000001445,Lenglet et al. 2018 PMID:29360981,1,0,5,4.46,-7.35,-7.6,0.95,31,0.87,0.550618
NC_000011.9:g.118960702G>A,HMBS,c.347G>A,p.Arg116Gln,VCV000645809,Stenson et al. 2014 PMID:24077912,1,0,5,4.46,-3.71,-7.56,0.953,35,0.834,0.474016
NC_000011.9:g.118960709C>G,HMBS,c.354C>G,p.Asn118Lys,NA,Chen et al. 2016 PMID:27539938,0.587,0.007,7,1.27,-2.9,-6.39,0.616,20.4,0.513,0.153584
NC_000011.9:g.118960711C>T,HMBS,c.356C>T,p.Pro119Leu,NA,Stenson et al. 2014 PMID:24077912,1,0.001,4,3.94,-9.28,-6.51,0.947,29.7,0.579,0.58557
NC_000011.9:g.118960713C>A,HMBS,c.358C>A,p.His120Asn,VCV002074703,Chen et al. 2016 PMID:27539938,0.73,0.303,6,0.76,-1.69,-6.35,0.42,21.6,0.116,0.131463
NC_000011.9:g.118960713C>G,HMBS,c.358C>G,p.His120Asp,NA,genomAD_v2.1.1,0.904,0.193,NA,2.11,-2.71,-6.35,0.645,19.49,0.226,0.234592
NC_000011.9:g.118960716G>T,HMBS,c.361G>T,p.Asp121Tyr,NA,Stenson et al. 2014 PMID:24077912,1,0,5,4.465,-8.29,-7.66,0.962,34,0.99,0.593882
NC_000011.9:g.118960719G>C,HMBS,c.364G>C,p.Ala122Pro,VCV000915842,Chen et al. 2016 PMID:27539938,1,0.004,7,4.22,-4.35,-6.76,0.926,33,0.995,0.589007
NC_000011.9:g.118960720C>A,HMBS,c.365C>A,p.Ala122Asp,NA,Stenson et al. 2014 PMID:24077912,1,0.001,2,4.22,-5.36,-6.75,0.95,31,0.984,0.587914
NC_000011.9:g.118960720C>G,HMBS,c.365C>G,p.Ala122Gly,NA,Stenson et al. 2014 PMID:24077912,1,0.024,2,3.67,-3.62,-6.74,0.832,29.1,0.351,0.546698
NC_000011.9:g.118960725G>C,HMBS,c.370G>C,p.Val124Leu,NA,genomAD_v2.1.1,0.478,0.026,NA,1.905,-2.38,-6.8,0.773,25.5,0.464,0.319183
NC_000011.9:g.118960726T>A,HMBS,c.371T>A,p.Val124Asp,NA,Lenglet et al. 2018 PMID:29360981,0.996,0,5,4.065,-6.33,-6.99,0.978,30,0.996,0.585944
NC_000011.9:g.118960734C>G,HMBS,c.379C>G,p.Pro127Ala,VCV001460989,Chen et al. 2016 PMID:27539938,0.649,0.675,1,0.905,-6.87,-6.81,0.6,22.6,0.18,0.322864
NC_000011.9:g.118960735C>A,HMBS,c.380C>A,p.Pro127Gln,VCV001049405,Chen et al. 2016 PMID:27539938,0.999,0.346,1,1.315,-6.75,-6.84,0.596,26.8,0.194,0.057879
NC_000011.9:g.118960737A>G,HMBS,c.382A>G,p.Lys128Glu,NA,genomAD_v2.1.1,0.955,0.104,NA,1.745,-1.99,-6.4,0.609,32,0.107,0.249
NC_000011.9:g.118960750A>G,HMBS,c.395A>G,p.Lys132Arg,NA,genomAD_v2.1.1,0.005,0.228,NA,1.53,-1.38,-6.5,0.414,21.4,0.079,-0.0171627
NC_000011.9:g.118960751G>C,HMBS,c.396G>C,p.Lys132Asn,VCV001514447,Chen et al. 2016 PMID:27539938,0.002,0.247,1,1.93,-2.71,-6.5,0.419,20.7,0.323,0.0290056
NC_000011.9:g.118960767C>T,HMBS,c.412C>T,p.Pro138Ser,VCV002990546,genomAD_v2.1.1,0.785,0.015,NA,3.63,-6.62,-6.79,0.707,24.9,0.218,0.277155
NC_000011.9:g.118960775G>T,HMBS,c.420G>T,p.Lys140Asn,NA,genomAD_v2.1.1,0.001,0.051,NA,-0.2,0.61,-6.41,0.412,19.51,0.128,-0.0399739
NC_000011.9:g.118960777G>A,HMBS,c.422G>A,p.Ser141Asn,VCV001935721,genomAD_v2.1.1,1,0.036,NA,3.715,-2.72,-6.54,0.831,34,0.723,0.303442
NC_000011.9:g.118960900T>A,HMBS,c.423T>A,p.Ser141Arg,NA,genomAD_v2.1.1,1,0.002,NA,3.715,-3.89,-6.53,0.738,20.2,0.976,0.367155
NC_000011.9:g.118960901G>A,HMBS,c.424G>A,p.Val142Met,NA,genomAD_v2.1.1,0.998,0.004,NA,3.075,-2.39,-6.55,0.822,24.9,0.144,0.351081
NC_000011.9:g.118960904G>A,HMBS,c.427G>A,p.Val143Met,VCV000208741,Stenson et al. 2014 PMID:24077912,0.87,0.001,8,2.565,-1.96,-6.94,0.747,26.6,0.618,0.335089
NC_000011.9:g.118960911C>A,HMBS,c.434C>A,p.Thr145Asn,NA,genomAD_v2.1.1,1,0.001,NA,4.395,-4.64,-7.15,0.863,31,0.938,0.281852
NC_000011.9:g.118960911C>T,HMBS,c.434C>T,p.Thr145Ile,NA,Stenson et al. 2014 PMID:24077912,1,0.001,4,4.395,-5.57,-7.17,0.977,32,0.979,0.588288
NC_000011.9:g.118960916T>C,HMBS,c.439T>C,p.Ser147Pro,NA,Stenson et al. 2014 PMID:24077912,1,0.002,9,4.115,-4.64,-7.1,0.979,31,0.989,0.588448
NC_000011.9:g.118960923G>A,HMBS,c.446G>A,p.Arg149Gln,VCV000001449,Lenglet et al. 2018 PMID:29360981,1,0,7,4.125,-3.72,-7.96,0.957,33,0.947,0.592801
NC_000011.9:g.118960923G>C,HMBS,c.446G>C,p.Arg149Pro,NA,Stenson et al. 2014 PMID:24077912,1,0,7,4.47,-6.5,-7.98,0.976,33,0.98,0.593894
NC_000011.9:g.118960923G>T,HMBS,c.446G>T,p.Arg149Leu,NA,Lenglet et al. 2018 PMID:29360981,1,0,7,4.47,-6.5,-7.97,0.984,33,0.932,0.593893
NC_000011.9:g.118960932C>T,HMBS,c.455C>T,p.Ala152Val,NA,genomAD_v2.1.1,1,0.001,NA,2.62,-3.72,-6.5,0.819,29.2,0.548,0.421603
NC_000011.9:g.118960938T>C,HMBS,c.461T>C,p.Leu154Pro,VCV002418991,Stenson et al. 2014 PMID:24077912,1,0,9,4.295,-6.37,-7.14,0.971,28.5,0.994,0.589906
NC_000011.9:g.118960948G>T,HMBS,c.471G>T,p.Lys157Asn,NA,genomAD_v2.1.1,0.979,0.479,NA,0.7,-1.05,-6.41,0.623,22.5,0.316,0.108227
NC_000011.9:g.118960953C>T,HMBS,c.476C>T,p.Pro159Leu,VCV001904184,Chen et al. 2016 PMID:27539938,0.999,0.001,7,3.3,-8.55,-6.87,0.734,26.8,0.234,0.215027
NC_000011.9:g.118960959T>C,HMBS,c.482T>C,p.Leu161Pro,NA,Chen et al. 2016 PMID:27539938,1,0,6,4.32,-6.13,-7.01,0.975,29,0.984,0.587611
NC_000011.9:g.118960967A>G,HMBS,c.490A>G,p.Arg164Gly,VCV001395823,Chen et al. 2016 PMID:27539938,0.064,0.081,2,1.085,-4.05,-6.48,0.614,24.3,0.211,0.0405186
NC_000011.9:g.118960969G>T,HMBS,c.492G>T,p.Arg164Ser,VCV001426824,Chen et al. 2016 PMID:27539938,0.001,0.178,2,0.61,-2.62,-6.41,0.53,24.1,0.298,0.157882
NC_000011.9:g.118962123C>T,HMBS,c.499C>T,p.Arg167Trp,VCV000001456,Chen et al. 2016 PMID:27539938,1,0,9,4.47,-7.68,-7.6,0.943,28.9,0.767,0.466542
NC_000011.9:g.118962124G>A,HMBS,c.500G>A,p.Arg167Gln,VCV000001446,Lenglet et al. 2018 PMID:29360981,1,0,9,4.47,-3.85,-7.56,0.934,38,0.889,0.422159
NC_000011.9:g.118962126G>A,HMBS,c.502G>A,p.Gly168Arg,NA,Stenson et al. 2014 PMID:24077912,1,0,9,4.47,-7.72,-8.69,0.974,33,0.997,0.588395
NC_000011.9:g.118962133T>C,HMBS,c.509T>C,p.Leu170Pro,NA,Stenson et al. 2014 PMID:24077912,1,0,9,3.64,-6.52,-6.58,0.989,31,0.979,0.584824
NC_000011.9:g.118962138A>G,HMBS,c.514A>G,p.Thr172Ala,NA,genomAD_v2.1.1,1,0,NA,4.09,-4.64,-6.92,0.955,27.6,0.839,0.557776
NC_000011.9:g.118962141C>G,HMBS,c.517C>G,p.Arg173Gly,NA,Stenson et al. 2014 PMID:24077912,1,0,5,4.47,-6.76,-7.97,0.89,23.4,0.992,0.525898
NC_000011.9:g.118962141C>T,HMBS,c.517C>T,p.Arg173Trp,VCV000649348,Stenson et al. 2014 PMID:24077912,1,0,5,4.47,-7.72,-7.99,0.903,24.7,0.969,0.525902
NC_000011.9:g.118962142G>A,HMBS,c.518G>A,p.Arg173Gln,VCV000001447,Stenson et al. 2014 PMID:24077912,1,0,5,4.47,-3.85,-7.96,0.938,34,0.979,0.586753
NC_000011.9:g.118962147C>T,HMBS,c.523C>T,p.Arg175Trp,VCV001485118,genomAD_v2.1.1,0.997,0.004,NA,3.525,-5.12,-6.52,0.684,27.4,0.243,0.133245
NC_000011.9:g.118962148G>A,HMBS,c.524G>A,p.Arg175Gln,VCV001404004,Stenson et al. 2014 PMID:24077912,0.053,0.255,8,1.96,-1.32,-6.4,0.42,22.1,0.099,0.0951201
NC_000011.9:g.118962152G>T,HMBS,c.528G>T,p.Lys176Asn,NA,genomAD_v2.1.1,1,0,NA,4.435,-4.76,-7.41,0.854,25.6,0.973,0.366633
NC_000011.9:g.118962154T>G,HMBS,c.530T>G,p.Leu177Arg,VCV000001466,Stenson et al. 2014 PMID:24077912,1,0,9,4.36,-5.77,-7.3,0.975,31,0.942,0.581728
NC_000011.9:g.118962156G>A,HMBS,c.532G>A,p.Asp178Asn,VCV000372379,Stenson et al. 2014 PMID:24077912,1,0.001,5,2.86,-4.54,-6.48,0.861,32,0.437,-0.107796
NC_000011.9:g.118962156G>C,HMBS,c.532G>C,p.Asp178His,NA,Stenson et al. 2014 PMID:24077912,1,0.001,5,3.02,-6.1,-6.52,0.951,31,0.86,0.555547
NC_000011.9:g.118962159G>A,HMBS,c.535G>A,p.Glu179Lys,VCV001939893,genomAD_v2.1.1,1,0.117,NA,2.25,-2.56,-6.47,0.723,33,0.211,0.330902
NC_000011.9:g.118962162C>G,HMBS,c.538C>G,p.Gln180Glu,NA,genomAD_v2.1.1,0.017,0.91,NA,-0.86,0.1,-6.24,0.406,17.53,0.074,0.112208
NC_000011.9:g.118962180A>G,HMBS,c.556A>G,p.Ile186Val,NA,genomAD_v2.1.1,0.875,0.028,NA,2.04,-0.96,-6.71,0.746,25,0.172,0.229416
NC_000011.9:g.118962190C>G,HMBS,c.566C>G,p.Ala189Gly,NA,genomAD_v2.1.1,1,0,NA,4.115,-3.86,-7.35,0.941,29.9,0.952,0.443733
NC_000011.9:g.118962193C>T,HMBS,c.569C>T,p.Thr190Ile,VCV002076605,Stenson et al. 2014 PMID:24077912,0.023,0.026,2,1.19,-0.19,-6.38,0.555,17.77,0.231,0.146022
NC_000011.9:g.118962196C>T,HMBS,c.572C>T,p.Ala191Val,VCV001393200,genomAD_v2.1.1,1,0.001,NA,4.435,-3.86,-7.45,0.957,31,0.95,0.579288
NC_000011.9:g.118962199G>A,HMBS,c.575G>A,p.Gly192Asp,NA,Stenson et al. 2014 PMID:24077912,1,0,6,4.465,-1.33,-6.39,0.972,32,0.999,0.586892
NC_000011.9:g.118962207C>T,HMBS,c.583C>T,p.Arg195Cys,VCV000161251,Chen et al. 2016 PMID:27539938,1,0,9,4.465,-7.72,-7.6,0.903,33,0.983,0.550346
NC_000011.9:g.118962208G>A,HMBS,c.584G>A,p.Arg195His,VCV001303126,Stenson et al. 2014 PMID:24077912,1,0,6,4.465,-4.82,-7.59,0.97,33,0.972,0.588237
NC_000011.9:g.118962222A>T,HMBS,c.598A>T,p.Asn200Tyr,NA,genomAD_v2.1.1,0.858,0.035,NA,1.71,-4.44,-6.48,0.688,24.6,0.133,0.121177
NC_000011.9:g.118962223A>G,HMBS,c.599A>G,p.Asn200Ser,NA,genomAD_v2.1.1,0.005,0.269,NA,0.37,-1.7,-6.36,0.47,17.85,0.052,0.00657216
NC_000011.9:g.118962224C>A,HMBS,c.600C>A,p.Asn200Lys,VCV002874189,genomAD_v2.1.1,0.298,0.139,NA,0.32,-2.3,-6.38,0.524,21.7,0.14,0.00840628
NC_000011.9:g.118962225C>G,HMBS,c.601C>G,p.Arg201Gly,NA,Stenson et al. 2014 PMID:24077912,1,0.001,1,3.43,-6.72,-6.55,0.86,23.8,0.959,0.365831
NC_000011.9:g.118962225C>T,HMBS,c.601C>T,p.Arg201Trp,VCV000001462,Stenson et al. 2014 PMID:24077912,1,0,1,3.575,-7.74,-6.59,0.925,25.5,0.689,0.393788
NC_000011.9:g.118962228G>T,HMBS,c.604G>T,p.Val202Leu,VCV002735769,Stenson et al. 2014 PMID:24077912,0.007,0.028,1,1.2,-1.26,-6.4,0.618,19.48,0.312,0.207451
NC_000011.9:g.118962234C>A,HMBS,c.610C>A,p.Gln204Lys,NA,Stenson et al. 2014 PMID:24077912,0.996,0.023,8,1.39,-2.93,-6.37,0.821,29.8,0.342,0.32618
NC_000011.9:g.118962837C>G,HMBS,c.615C>G,p.Ile205Met,VCV000302731,Chen et al. 2016 PMID:27539938,0.824,0.053,1,2.145,-1.88,-6.46,0.577,20.7,0.122,0.169587
NC_000011.9:g.118962839T>C,HMBS,c.617T>C,p.Leu206Pro,NA,genomAD_v2.1.1,1,0.001,NA,4.12,-6.53,-7,0.972,27.9,0.972,0.578134
NC_000011.9:g.118962847G>A,HMBS,c.625G>A,p.Glu209Lys,VCV002137264,Stenson et al. 2014 PMID:24077912,0.739,0.15,1,1.57,-2.65,-6.47,0.856,27.5,0.095,0.51408
NC_000011.9:g.118962854G>T,HMBS,c.632G>T,p.Cys211Phe,NA,genomAD_v2.1.1,0.953,0.105,NA,0.88,-5.75,-6.33,0.887,32,0.755,0.39678
NC_000011.9:g.118962856A>G,HMBS,c.634A>G,p.Met212Val,NA,Stenson et al. 2014 PMID:24077912,0.051,0.038,9,-0.07,-1.91,-6.28,0.696,21.3,0.36,0.319305
NC_000011.9:g.118962857T>G,HMBS,c.635T>G,p.Met212Arg,NA,Stenson et al. 2014 PMID:24077912,0.229,0.001,9,1.75,-4.28,-6.41,0.92,33,0.512,0.533677
NC_000011.9:g.118962858G>A,HMBS,c.636G>A,p.Met212Ile,VCV000851793,genomAD_v2.1.1,0.109,0.008,NA,-0.39,-1.32,-6.26,0.578,24.9,0.851,0.142901
NC_000011.9:g.118962865G>A,HMBS,c.643G>A,p.Val215Met,VCV002735770,Stenson et al. 2014 PMID:24077912,0.99,0.001,9,2.595,-2.84,-6.6,0.965,32,0.926,0.564248
NC_000011.9:g.118962866T>A,HMBS,c.644T>A,p.Val215Glu,NA,Stenson et al. 2014 PMID:24077912,0.997,0,9,4.115,-5.83,-6.63,0.971,29,0.99,0.57744
NC_000011.9:g.118962869G>A,HMBS,c.647G>A,p.Gly216Asp,VCV000001478,Stenson et al. 2014 PMID:24077912,0.98,0.004,1,4.32,-6.1,-6.92,0.972,31,0.998,0.589392
NC_000011.9:g.118962872A>G,HMBS,c.650A>G,p.Gln217Arg,NA,Stenson et al. 2014 PMID:24077912,1,0,7,4.47,-3.89,-7.27,0.985,33,0.992,0.59075
NC_000011.9:g.118962872A>T,HMBS,c.650A>T,p.Gln217Leu,NA,Stenson et al. 2014 PMID:24077912,1,0,7,4.47,-6.8,-7.3,0.987,34,0.977,0.591822
NC_000011.9:g.118962873G>T,HMBS,c.651G>T,p.Gln217His,NA,Lenglet et al. 2018 PMID:29360981,1,0,7,4.47,-4.86,-7.32,0.979,37,0.999,0.592
NC_000011.9:g.118963114G>A,HMBS,c.652G>A,p.Gly218Arg,NA,Stenson et al. 2014 PMID:24077912,1,0.001,4,4.455,-7.17,-8.66,0.985,35,0.999,0.583169
NC_000011.9:g.118963114G>T,HMBS,c.652G>T,p.Gly218Trp,NA,Stenson et al. 2014 PMID:24077912,1,0,4,4.455,-7.17,-8.67,0.979,35,0.999,0.583825
NC_000011.9:g.118963117G>A,HMBS,c.655G>A,p.Ala219Thr,VCV000422257,genomAD_v2.1.1,0.917,0.017,NA,3.07,-3.65,-6.75,0.93,30,0.801,0.497534
NC_000011.9:g.118963117G>C,HMBS,c.655G>C,p.Ala219Pro,VCV001067889,Stenson et al. 2014 PMID:24077912,0.999,0.002,9,4.35,-4.56,-6.81,0.965,31,0.995,0.574879
NC_000011.9:g.118963117G>T,HMBS,c.655G>T,p.Ala219Ser,VCV000689731,genomAD_v2.1.1,0.791,0.07,NA,2.805,-2.74,-6.73,0.873,27.9,0.324,0.311863
NC_000011.9:g.118963118C>A,HMBS,c.656C>A,p.Ala219Asp,NA,Stenson et al. 2014 PMID:24077912,0.998,0.001,9,4.35,-5.48,-6.8,0.984,32,0.996,0.57273
NC_000011.9:g.118963118C>T,HMBS,c.656C>T,p.Ala219Val,NA,genomAD_v2.1.1,0.992,0.001,NA,2.545,-3.65,-6.67,0.939,31,0.813,0.325686
NC_000011.9:g.118963123G>A,HMBS,c.661G>A,p.Gly221Ser,VCV001382821,Chen et al. 2016 PMID:27539938,0.412,0.029,7,2.91,-1.74,-6.59,0.798,26.6,0.51,0.0635186
NC_000011.9:g.118963124G>A,HMBS,c.662G>A,p.Gly221Asp,VCV000664482,Stenson et al. 2014 PMID:24077912,0.629,0.002,3,3.605,-3.67,-6.67,0.795,23.7,0.997,0.526143
NC_000011.9:g.118963126G>A,HMBS,c.664G>A,p.Val222Met,VCV001396606,Stenson et al. 2014 PMID:24077912,0.982,0.002,9,2.965,-2.39,-6.87,0.869,27.5,0.588,0.457613
NC_000011.9:g.118963126G>T,HMBS,c.664G>T,p.Val222Leu,NA,genomAD_v2.1.1,0.022,0.09,NA,1.49,-2.04,-6.75,0.656,22.8,0.56,0.240878
NC_000011.9:g.118963129G>A,HMBS,c.667G>A,p.Glu223Lys,VCV000001467,Stenson et al. 2014 PMID:24077912,0.984,0.002,3,4.39,-3.65,-6.78,0.964,33,0.987,0.578822
NC_000011.9:g.118963133T>A,HMBS,c.671T>A,p.Val224Glu,NA,Stenson et al. 2014 PMID:24077912,0.824,0.004,9,2.475,-4.37,-6.51,0.955,31,0.989,0.535494
NC_000011.9:g.118963135C>G,HMBS,c.673C>G,p.Arg225Gly,NA,Stenson et al. 2014 PMID:24077912,0.988,0.003,9,3.915,-6.06,-6.89,0.954,28.6,0.914,0.514139
NC_000011.9:g.118963136G>A,HMBS,c.674G>A,p.Arg225Gln,VCV000161253,Chen et al. 2016 PMID:27539938,0.997,0.008,7,3.715,-3.42,-6.84,0.915,32,0.42,0.32
NC_000011.9:g.118963138G>A,HMBS,c.676G>A,p.Ala226Thr,VCV002051959,genomAD_v2.1.1,0.555,0.509,NA,1.045,-0.71,-6.4,0.641,23,0.138,0.306752
NC_000011.9:g.118963139C>T,HMBS,c.677C>T,p.Ala226Val,NA,genomAD_v2.1.1,0.498,0.182,NA,1.815,-1.91,-6.44,0.651,23.7,0.19,0.30018
NC_000011.9:g.118963150G>T,HMBS,c.688G>T,p.Asp230Tyr,VCV002137265,Chen et al. 2016 PMID:27539938,0.004,0.174,1,1.255,-2.08,-6.45,0.609,22.2,0.13,0.328826
NC_000011.9:g.118963152C>G,HMBS,c.690C>G,p.Asp230Glu,NA,genomAD_v2.1.1,0.001,1,NA,-0.775,0.09,-6.21,0.448,14.98,0.089,-0.125718
NC_000011.9:g.118963153A>G,HMBS,c.691A>G,p.Ile231Val,VCV001439664,genomAD_v2.1.1,0.001,0.95,NA,0.405,-0.1,-6.46,0.458,17.61,0.074,0.127546
NC_000011.9:g.118963163T>C,HMBS,c.701T>C,p.Leu234Pro,NA,Stenson et al. 2014 PMID:24077912,0.998,0.002,4,3.795,-4.11,-5.06,0.974,28.5,0.973,0.578227
NC_000011.9:g.118963165G>T,HMBS,c.703G>T,p.Val235Leu,NA,genomAD_v2.1.1,0.04,1,NA,-1.485,0.56,-5.94,0.561,21.5,0.307,0.266694
NC_000011.9:g.118963166T>A,HMBS,c.704T>A,p.Val235Glu,NA,Lenglet et al. 2018 PMID:29360981,0.97,0.001,5,2.665,-4.37,-6.51,0.977,27.8,0.98,0.558738
NC_000011.9:g.118963168G>A,HMBS,c.706G>A,p.Gly236Ser,VCV000845662,Stenson et al. 2014 PMID:24077912,0,0.676,1,-1.88,1.8,-6.34,0.504,21.3,0.071,0.238165
NC_000011.9:g.118963171G>A,HMBS,c.709G>A,p.Val237Met,NA,Chen et al. 2016 PMID:27539938,0.008,0.11,1,2.52,-0.54,-6.45,0.48,23.6,0.093,0.190758
NC_000011.9:g.118963175T>C,HMBS,c.713T>C,p.Leu238Pro,VCV001073990,Stenson et al. 2014 PMID:24077912,1,0.001,2,4.51,-5.75,-7.44,0.986,27,0.969,0.585205
NC_000011.9:g.118963175T>G,HMBS,c.713T>G,p.Leu238Arg,NA,Stenson et al. 2014 PMID:24077912,0.998,0.001,2,4.51,-4.99,-7.43,0.979,27,0.953,0.58368
NC_000011.9:g.118963177C>T,HMBS,c.715C>T,p.His239Tyr,NA,genomAD_v2.1.1,0.97,1,NA,2.12,-2.16,-5.24,0.766,23.1,0.239,0.232233
NC_000011.9:g.118963180G>A,HMBS,c.718G>A,p.Asp240Asn,VCV002962779,genomAD_v2.1.1,0.635,0.503,NA,1.84,-1.33,-5.43,0.612,22.6,0.254,0.0574777
NC_000011.9:g.118963181A>G,HMBS,c.719A>G,p.Asp240Gly,VCV000639190,Stenson et al. 2014 PMID:24077912,0.381,0.307,3,3.835,-3.58,-5.5,0.906,23.5,0.863,0.533364
NC_000011.9:g.118963183C>T,HMBS,c.721C>T,p.Pro241Ser,NA,Stenson et al. 2014 PMID:24077912,0.004,0.747,1,1.165,-1.9,-5.15,0.594,19.41,0.085,0.316118
NC_000011.9:g.118963186G>A,HMBS,c.724G>A,p.Glu242Lys,VCV001421852,Chen et al. 2016 PMID:27539938,0.929,0.288,1,1.715,-2.12,-5.19,0.659,24.7,0.132,0.181249
NC_000011.9:g.118963193T>C,HMBS,c.731T>C,p.Leu244Pro,NA,Stenson et al. 2014 PMID:24077912,0.002,0.306,3,1.24,-2.24,-5.24,0.758,23.1,0.961,0.481096
NC_000011.9:g.118963193T>G,HMBS,c.731T>G,p.Leu244Arg,NA,Stenson et al. 2014 PMID:24077912,0.808,0.666,3,0.27,-1.73,-5.13,0.811,23.5,0.569,0.413034
NC_000011.9:g.118963196T>G,HMBS,c.734T>G,p.Leu245Arg,VCV000001450,Stenson et al. 2014 PMID:24077912,0.998,0.205,6,2.395,-3.34,-5.03,0.926,25.4,0.496,0.521185
NC_000011.9:g.118963198C>A,HMBS,c.736C>A,p.Arg246Ser,NA,genomAD_v2.1.1,0.008,0.122,NA,2.16,-4.03,-4.77,0.528,21.2,0.494,0.132112
NC_000011.9:g.118963198C>T,HMBS,c.736C>T,p.Arg246Cys,VCV001553095,Chen et al. 2016 PMID:27539938,0.01,0.132,1,1.005,-5.75,-4.71,0.335,22.2,0.063,-0.199309
NC_000011.9:g.118963199G>A,HMBS,c.737G>A,p.Arg246His,VCV000452525,Chen et al. 2016 PMID:27539938,0.986,0.066,1,3.68,-3.65,-4.81,0.893,32,0.184,0.127546
NC_000011.9:g.118963201T>C,HMBS,c.739T>C,p.Cys247Arg,VCV000001469,Lenglet et al. 2018 PMID:29360981,0.998,0.002,3,3.925,-8.65,-4.89,0.981,28.9,0.993,0.581
NC_000011.9:g.118963202G>T,HMBS,c.740G>T,p.Cys247Phe,NA,Stenson et al. 2014 PMID:24077912,0.992,0.002,3,3.925,-7.63,-4.88,0.96,32,0.95,0.584932
NC_000011.9:g.118963206C>G,HMBS,c.744C>G,p.Ile248Met,NA,genomAD_v2.1.1,0.922,0.172,NA,1.795,-1.32,-4.75,0.674,20.1,0.154,0.277671
NC_000011.9:g.118963207G>A,HMBS,c.745G>A,p.Ala249Thr,VCV001399638,genomAD_v2.1.1,0.997,0.02,NA,2.88,-3.14,-5.33,0.932,32,0.251,0.483897
NC_000011.9:g.118963210G>A,HMBS,c.748G>A,p.Glu250Lys,VCV000001471,Stenson et al. 2014 PMID:24077912,0.992,0.002,7,4.825,-3.57,-8.18,0.964,34,0.995,0.587906
NC_000011.9:g.118963210G>C,HMBS,c.748G>C,p.Glu250Gln,NA,Lenglet et al. 2018 PMID:29360981,0.917,0.016,7,3.93,-2.68,-8.18,0.908,32,0.987,0.585751
NC_000011.9:g.118963211A>C,HMBS,c.749A>C,p.Glu250Ala,NA,Lenglet et al. 2018 PMID:29360981,0.992,0.002,7,4.825,-5.36,-8.18,0.973,29.4,0.995,0.587955
NC_000011.9:g.118963211A>T,HMBS,c.749A>T,p.Glu250Val,NA,Lenglet et al. 2018 PMID:29360981,0.998,0,7,4.825,-6.25,-8.19,0.976,36,0.999,0.589159
NC_000011.9:g.118963212A>T,HMBS,c.750A>T,p.Glu250Asp,NA,Stenson et al. 2014 PMID:24077912,0.996,0.004,7,4.825,-2.68,-8.15,0.898,24.5,0.997,0.536756
NC_000011.9:g.118963215G>C,HMBS,c.753G>C,p.Arg251Ser,NA,Chen et al. 2016 PMID:27539938,0.86,0.016,9,4.135,-5.36,-6.43,0.765,22.7,0.997,0.536017
NC_000011.9:g.118963216G>A,HMBS,c.754G>A,p.Ala252Thr,VCV000001472,Stenson et al. 2014 PMID:24077912,0.4,0.076,4,2.575,-1.76,-4.97,0.793,25.2,0.328,0.506263
NC_000011.9:g.118963216G>C,HMBS,c.754G>C,p.Ala252Pro,VCV001691435,Stenson et al. 2014 PMID:24077912,0.904,0.007,4,4.575,-2.95,-5.13,0.941,28.1,0.996,0.555754
NC_000011.9:g.118963217C>T,HMBS,c.755C>T,p.Ala252Val,VCV000001473,Chen et al. 2016 PMID:27539938,0.107,0.033,5,2.76,-2.94,-5.12,0.824,27.4,0.719,0.545865
NC_000011.9:g.118963223T>C,HMBS,c.761T>C,p.Leu254Pro,NA,Stenson et al. 2014 PMID:24077912,0.994,0.001,3,4.4,-5.71,-5.35,0.972,31,0.996,0.584974
NC_000011.9:g.118963226G>A,HMBS,c.764G>A,p.Arg255Lys,VCV001914072,genomAD_v2.1.1,0,0.466,NA,0.335,0.4,-4.75,0.383,18.49,0.102,0.144722
NC_000011.9:g.118963228C>A,HMBS,c.766C>A,p.His256Asn,VCV000001474,Stenson et al. 2014 PMID:24077912,0.546,0.373,6,2.42,-0.21,-4.69,0.567,23.2,0.159,0.201684
NC_000011.9:g.118963228C>T,HMBS,c.766C>T,p.His256Tyr,NA,Lenglet et al. 2018 PMID:29360981,0.947,1,6,1.38,-1.17,-4.7,0.672,34,0.105,0.349492
NC_000011.9:g.118963230C>A,HMBS,c.768C>A,p.His256Gln,VCV000880030,Chen et al. 2016 PMID:27539938,0.038,0.387,2,1.05,-0.07,-4.66,0.442,15.14,0.144,0.148931
NC_000011.9:g.118963469A>G,HMBS,c.773A>G,p.Glu258Gly,VCV002137267,Stenson et al. 2014 PMID:24077912,1,0.199,1,1.98,-1.42,-4.95,0.79,28.2,0.273,0.325229
NC_000011.9:g.118963474G>C,HMBS,c.778G>C,p.Gly260Arg,NA,genomAD_v2.1.1,1,0,NA,4.735,-7.61,-6.19,0.983,33,0.986,0.455297
NC_000011.9:g.118963474G>T,HMBS,c.778G>T,p.Gly260Cys,NA,genomAD_v2.1.1,1,0,NA,4.735,-8.56,-6.19,0.988,33,0.964,0.573039
NC_000011.9:g.118963475G>A,HMBS,c.779G>A,p.Gly260Asp,NA,Stenson et al. 2014 PMID:24077912,1,0,7,3.765,-6.66,-6.17,0.983,32,0.978,0.57223
NC_000011.9:g.118963478G>A,HMBS,c.782G>A,p.Cys261Tyr,NA,Stenson et al. 2014 PMID:24077912,1,0,5,4.855,-9.79,-10.01,0.963,33,0.996,0.573023
NC_000011.9:g.118963480A>C,HMBS,c.784A>C,p.Ser262Arg,NA,genomAD_v2.1.1,1,0.015,NA,2.1,-3.32,-4.89,0.922,28.9,0.982,0.430918
NC_000011.9:g.118963481G>A,HMBS,c.785G>A,p.Ser262Asn,NA,Chen et al. 2016 PMID:27539938,1,0.038,7,2.71,-2.15,-4.92,0.85,31,0.864,0.236
NC_000011.9:g.118963490T>C,HMBS,c.794T>C,p.Val265Ala,NA,genomAD_v2.1.1,0.999,0.002,NA,3.285,-3.51,-5.04,0.951,28.3,0.897,0.284534
NC_000011.9:g.118963493C>G,HMBS,c.797C>G,p.Ala266Gly,VCV001912381,genomAD_v2.1.1,0.681,1,NA,1.245,0.33,-4.59,0.611,25,0.185,0.194156
NC_000011.9:g.118963495G>A,HMBS,c.799G>A,p.Val267Met,VCV000381651,Lenglet et al. 2018 PMID:29360981,1,0.002,1,4.13,-2.65,-5.06,0.931,32,0.875,0.571706
NC_000011.9:g.118963501A>C,HMBS,c.805A>C,p.Thr269Pro,NA,Stenson et al. 2014 PMID:24077912,0.997,0.008,3,3.825,-4.16,-4.88,0.969,26.5,0.933,0.532695
NC_000011.9:g.118963502C>G,HMBS,c.806C>G,p.Thr269Arg,NA,Stenson et al. 2014 PMID:24077912,0.993,0.003,3,3.825,-4.16,-4.88,0.938,31,0.982,0.514259
NC_000011.9:g.118963502C>T,HMBS,c.806C>T,p.Thr269Ile,VCV001407099,Stenson et al. 2014 PMID:24077912,0.997,0.002,3,3.825,-4.28,-4.89,0.925,33,0.968,0.514417
NC_000011.9:g.118963505C>A,HMBS,c.809C>A,p.Ala270Asp,NA,Stenson et al. 2014 PMID:24077912,0.067,0.558,4,0.08,-0.09,-4.68,0.551,16.4,0.143,0.198019
NC_000011.9:g.118963505C>G,HMBS,c.809C>G,p.Ala270Gly,NA,Stenson et al. 2014 PMID:24077912,0.125,0.336,4,1.15,-1.51,-4.74,0.571,24.4,0.145,0.203749
NC_000011.9:g.118963505C>T,HMBS,c.809C>T,p.Ala270Val,NA,genomAD_v2.1.1,0,0.31,NA,-1.64,-0.45,-4.65,0.471,17.14,0.071,0.0108793
NC_000011.9:g.118963507A>G,HMBS,c.811A>G,p.Met271Val,NA,genomAD_v2.1.1,0,0.558,NA,-2.2,-0.05,-4.52,0.448,14.74,0.05,-0.0367936
NC_000011.9:g.118963511A>C,HMBS,c.815A>C,p.Lys272Thr,VCV000374953,genomAD_v2.1.1,0.4,0.286,NA,1.815,-2.92,-4.8,0.703,22.5,0.145,0.286
NC_000011.9:g.118963513G>A,HMBS,c.817G>A,p.Asp273Asn,NA,genomAD_v2.1.1,0.075,0.407,NA,1.17,-1.38,-5.2,0.555,24.1,0.081,0.159613
NC_000011.9:g.118963514A>G,HMBS,c.818A>G,p.Asp273Gly,NA,Chen et al. 2016 PMID:27539938,0.034,0.7,1,0.725,-2.1,-5.05,0.64,26.5,0.081,0.264248
NC_000011.9:g.118963516G>A,HMBS,c.820G>A,p.Gly274Arg,NA,Stenson et al. 2014 PMID:24077912,0.975,0.133,7,2.205,-2.06,-5.27,0.835,29.9,0.154,0.445081
NC_000011.9:g.118963517G>C,HMBS,c.821G>C,p.Gly274Ala,NA,Chen et al. 2016 PMID:27539938,0.503,0.146,1,1.765,-2.02,-5.27,0.665,23.5,0.166,0.220659
NC_000011.9:g.118963646T>G,HMBS,c.827T>G,p.Leu276Arg,NA,Stenson et al. 2014 PMID:24077912,1,0,6,4.3,-5.04,-5.35,0.974,29.7,0.978,0.565914
NC_000011.9:g.118963652T>C,HMBS,c.833T>C,p.Leu278Pro,NA,Stenson et al. 2014 PMID:24077912,1,0.001,5,4.655,-6.29,-5.84,0.977,28.7,0.998,0.565263
NC_000011.9:g.118963657G>A,HMBS,c.838G>A,p.Gly280Arg,NA,Stenson et al. 2014 PMID:24077912,1,0.001,9,4.595,-6.97,-5.4,0.982,33,0.996,0.580392
NC_000011.9:g.118963658G>A,HMBS,c.839G>A,p.Gly280Glu,VCV000840732,Stenson et al. 2014 PMID:24077912,1,0.001,9,4.595,-7.14,-5.4,0.982,32,0.998,0.580392
NC_000011.9:g.118963663G>C,HMBS,c.844G>C,p.Val282Leu,VCV001496260,Chen et al. 2016 PMID:27539938,1,0.003,7,2.455,-2.85,-5.2,0.942,29.3,0.909,0.530153
NC_000011.9:g.118963668G>C,HMBS,c.849G>C,p.Trp283Cys,VCV002132220,genomAD_v2.1.1,0.991,0.175,NA,0.65,-4.61,-4.7,0.804,26.2,0.874,0.165561
NC_000011.9:g.118963670G>A,HMBS,c.851G>A,p.Ser284Asn,VCV001899304,genomAD_v2.1.1,1,0.074,NA,2.615,-2.31,-4.95,0.764,26.9,0.579,0.248258
NC_000011.9:g.118963672C>A,HMBS,c.853C>A,p.Leu285Ile,NA,genomAD_v2.1.1,1,0.104,NA,2.32,-1.4,-5.25,0.654,26.1,0.206,0.235811
NC_000011.9:g.118963673T>G,HMBS,c.854T>G,p.Leu285Arg,VCV001804294,genomAD_v2.1.1,1,0.002,NA,3.195,-5.24,-5.3,0.887,26.3,0.618,0.351432
NC_000011.9:g.118963677C>G,HMBS,c.858C>G,p.Asp286Glu,NA,genomAD_v2.1.1,0.973,0.002,NA,2.845,-3.56,-5.16,0.808,22.6,0.696,0.111991
NC_000011.9:g.118963678G>A,HMBS,c.859G>A,p.Gly287Ser,VCV001939931,genomAD_v2.1.1,1,0.003,NA,4.125,-5.7,-5.58,0.968,32,0.858,0.501137
NC_000011.9:g.118963690A>G,HMBS,c.871A>G,p.Ile291Val,NA,genomAD_v2.1.1,0.013,0.57,NA,0.14,-0.42,-5.17,0.47,19.51,0.073,0.163238
NC_000011.9:g.118963704G>A,HMBS,c.885G>A,p.Met295Ile,VCV000880032,genomAD_v2.1.1,0.93,0.434,NA,0.87,-0.85,-4.62,0.573,24.9,0.636,0.218237
NC_000011.9:g.118963706A>G,HMBS,c.887A>G,p.Gln296Arg,NA,Chen et al. 2016 PMID:27539938,0.97,0.501,2,1.105,-1.64,-4.74,0.769,24.4,0.203,0.302071
NC_000011.9:g.118963708G>T,HMBS,c.889G>T,p.Ala297Ser,VCV000880033,Chen et al. 2016 PMID:27539938,0.007,0.964,3,-0.035,-0.27,-4.74,0.423,16.37,0.093,0.0785871
NC_000011.9:g.118963712C>A,HMBS,c.893C>A,p.Thr298Asn,NA,genomAD_v2.1.1,0.007,0.36,NA,-0.045,-0.94,-4.75,0.349,20.8,0.076,0.135274
NC_000011.9:g.118963712C>T,HMBS,c.893C>T,p.Thr298Ile,NA,genomAD_v2.1.1,0.833,0.089,NA,1.415,-2.41,-4.78,0.65,22.3,0.133,0.198921
NC_000011.9:g.118963715T>C,HMBS,c.896T>C,p.Ile299Thr,VCV001694061,genomAD_v2.1.1,0.571,0.012,NA,2.045,-2.12,-4.76,0.726,24.4,0.406,0.281494
NC_000011.9:g.118963718A>G,HMBS,c.899A>G,p.His300Arg,NA,genomAD_v2.1.1,0.014,0.598,NA,0,-0.82,-6.89,0.343,13.75,0.07,0.043775
NC_000011.9:g.118963721T>G,HMBS,c.902T>G,p.Val301Gly,NA,genomAD_v2.1.1,0.067,0.365,NA,1.04,-2.22,-7.03,0.432,14.15,0.075,0.142571
NC_000011.9:g.118963723C>T,HMBS,c.904C>T,p.Pro302Ser,NA,genomAD_v2.1.1,0.043,0.447,NA,1.32,-0.6,-6.87,0.464,18.45,0.073,0.0891456
NC_000011.9:g.118963726G>A,HMBS,c.907G>A,p.Ala303Thr,NA,genomAD_v2.1.1,0.002,0.619,NA,0.66,-0.15,-6.97,0.388,19.22,0.063,0.113433
NC_000011.9:g.118963821A>C,HMBS,c.914A>C,p.His305Pro,NA,genomAD_v2.1.1,0.256,0.257,NA,0,-0.98,-5.12,0.614,16.78,0.06,0.171424
NC_000011.9:g.118963826G>A,HMBS,c.919G>A,p.Asp307Asn,NA,genomAD_v2.1.1,0.918,0.223,NA,0.92,-1,-6.97,0.535,26.4,0.078,0.0605018
NC_000011.9:g.118963829G>A,HMBS,c.922G>A,p.Gly308Ser,NA,genomAD_v2.1.1,0.063,0.151,NA,1.6,-0.9,-6.9,0.574,23.8,0.086,0.20632
NC_000011.9:g.118963832C>T,HMBS,c.925C>T,p.Pro309Ser,VCV000880034,Chen et al. 2016 PMID:27539938,0.849,0.313,2,1.12,-1.44,-6.91,0.604,21.2,0.083,0.0759703
NC_000011.9:g.118963833C>G,HMBS,c.926C>G,p.Pro309Arg,VCV001010357,genomAD_v2.1.1,0.988,0.224,NA,2.215,-2.5,-6.94,0.728,25.3,0.094,0.188854
NC_000011.9:g.118963835G>C,HMBS,c.928G>C,p.Glu310Gln,NA,genomAD_v2.1.1,0.063,0.526,NA,0.895,-0.38,-7,0.536,22.9,0.093,0.120369
NC_000011.9:g.118963841G>A,HMBS,c.934G>A,p.Asp312Asn,NA,genomAD_v2.1.1,0,0.264,NA,0.41,-0.6,-6.93,0.387,19.59,0.088,0.0437513
NC_000011.9:g.118963844C>G,HMBS,c.937C>G,p.Pro313Ala,NA,genomAD_v2.1.1,0.033,0.787,NA,0.805,-0.95,-6.83,0.455,21,0.062,0.155663
NC_000011.9:g.118963854T>C,HMBS,c.947T>C,p.Val316Ala,VCV001489767,genomAD_v2.1.1,0.992,0.078,NA,1.7,-0.63,-7.05,0.725,22.9,0.179,0.0215733
NC_000011.9:g.118963856G>A,HMBS,c.949G>A,p.Gly317Ser,NA,genomAD_v2.1.1,1,0.147,NA,2.39,-1.66,-6.92,0.798,25.1,0.341,0.398302
NC_000011.9:g.118963857G>A,HMBS,c.950G>A,p.Gly317Asp,NA,genomAD_v2.1.1,1,0.068,NA,2.935,-2.24,-7,0.893,26.4,0.902,0.471859
NC_000011.9:g.118963868C>T,HMBS,c.961C>T,p.Arg321Cys,VCV001987326,Chen et al. 2016 PMID:27539938,0.024,0.079,6,1.01,-1.06,-7.01,0.562,21.2,0.088,0.15728
NC_000011.9:g.118963869G>A,HMBS,c.962G>A,p.Arg321His,VCV000161250,Chen et al. 2016 PMID:27539938,0.01,0.191,6,1.01,-0.82,-6.99,0.563,15.81,0.076,-0.0929411
NC_000011.9:g.118963869G>C,HMBS,c.962G>C,p.Arg321Pro,VCV001980824,genomAD_v2.1.1,0.753,0.305,NA,1.7,-0.64,-6.99,0.596,16.73,0.152,0.0476301
NC_000011.9:g.118963877C>G,HMBS,c.970C>G,p.Pro324Ala,NA,genomAD_v2.1.1,0.002,0.777,NA,1.81,-1.05,-6.85,0.579,19.58,0.078,0.188514
NC_000011.9:g.118963881G>A,HMBS,c.974G>A,p.Arg325Gln,VCV000877234,Chen et al. 2016 PMID:27539938,0.004,0.622,3,0.665,-0.09,-6.93,0.441,21.7,0.076,0.00504747
NC_000011.9:g.118963886C>T,HMBS,c.979C>T,p.Pro327Ser,NA,genomAD_v2.1.1,0,0.881,NA,0.14,0.47,-6.84,0.484,15.38,0.069,-0.00469642
NC_000011.9:g.118963891G>C,HMBS,c.984G>C,p.Gln328His,NA,genomAD_v2.1.1,0.991,0.608,NA,2.31,-1.68,-7,0.648,20.6,0.641,0.093171
NC_000011.9:g.118963895G>C,HMBS,c.988G>C,p.Ala330Pro,NA,Stenson et al. 2014 PMID:24077912,0.974,0.204,1,2.28,-1.38,-7.05,0.894,23.9,0.75,0.312065
NC_000011.9:g.118963899C>T,HMBS,c.992C>T,p.Ala331Val,VCV000851744,Chen et al. 2016 PMID:27539938,0.995,0.004,8,2.465,-2.95,-5.34,0.962,28.7,0.77,0.328334
NC_000011.9:g.118963910G>A,HMBS,c.1003G>A,p.Gly335Ser,NA,Stenson et al. 2014 PMID:24077912,1,0,3,2.485,-4.17,-5.41,0.948,26,0.973,0.523032
NC_000011.9:g.118963911G>A,HMBS,c.1004G>A,p.Gly335Asp,NA,Stenson et al. 2014 PMID:24077912,1,0,3,2.485,-5,-5.43,0.97,29,0.998,0.553148
NC_000011.9:g.118963920T>C,HMBS,c.1013T>C,p.Leu338Pro,NA,Stenson et al. 2014 PMID:24077912,1,0.001,7,2.465,-5.45,-5.48,0.973,26.6,0.996,0.540046
NC_000011.9:g.118963920T>G,HMBS,c.1013T>G,p.Leu338Arg,NA,Stenson et al. 2014 PMID:24077912,1,0.001,7,2.465,-4.89,-5.47,0.974,26.4,0.972,0.539831
NC_000011.9:g.118963935T>C,HMBS,c.1028T>C,p.Leu343Pro,NA,Stenson et al. 2014 PMID:24077912,1,0.013,4,2.44,-3.71,-5.41,0.943,26.8,0.966,0.518237
NC_000011.9:g.118963941A>G,HMBS,c.1034A>G,p.Lys345Arg,NA,genomAD_v2.1.1,0.965,0.265,NA,1.98,-1.1,-5.2,0.76,23.3,0.076,0.190315
NC_000011.9:g.118963943G>A,HMBS,c.1036G>A,p.Gly346Arg,NA,genomAD_v2.1.1,1,0.001,NA,2.465,-5.8,-5.42,0.964,31,0.874,0.535398
NC_000011.9:g.118963946G>A,HMBS,c.1039G>A,p.Ala347Thr,NA,genomAD_v2.1.1,1,0.002,NA,2.485,-3.39,-5.45,0.915,29.6,0.863,0.416878
NC_000011.9:g.118963946G>C,HMBS,c.1039G>C,p.Ala347Pro,NA,Stenson et al. 2014 PMID:24077912,1,0.002,NA,2.485,-4.04,-5.45,0.941,31,0.968,0.479112
NC_000011.9:g.118963950A>G,HMBS,c.1043A>G,p.Lys348Arg,VCV002129112,Chen et al. 2016 PMID:27539938,0.005,0.438,3,1.155,-1.03,-5.18,0.588,22,0.076,0.123056
NC_000011.9:g.118963961G>A,HMBS,c.1054G>A,p.Asp352Asn,VCV002158151,genomAD_v2.1.1,0.102,0.283,NA,1.935,-0.92,-5.2,0.458,23.7,0.101,0.166696
NC_000011.9:g.118963964G>A,HMBS,c.1057G>A,p.Val353Ile,VCV000659018,genomAD_v2.1.1,0.518,0.194,NA,2.19,-0.58,-6.98,0.59,15.87,0.077,0.17934
NC_000011.9:g.118963967G>T,HMBS,c.1060G>T,p.Ala354Ser,NA,genomAD_v2.1.1,1,0.028,NA,2.485,-1.98,-7.22,0.851,27.7,0.437,0.209813
NC_000011.9:g.118963970C>T,HMBS,c.1063C>T,p.Arg355Trp,VCV001341755,Chen et al. 2016 PMID:27539938,1,0.001,6,2.485,-4.89,-7.23,0.854,28.3,0.66,0.356313
NC_000011.9:g.118963971G>A,HMBS,c.1064G>A,p.Arg355Gln,VCV002152140,Chen et al. 2016 PMID:27539938,1,0.013,6,2.485,-1.83,-7.14,0.851,32,0.457,0.301132
NC_000011.9:g.118963982G>A,HMBS,c.1075G>A,p.Asp359Asn,VCV000161249,Chen et al. 2016 PMID:27539938,0.979,0.021,7,2.14,-1.51,-7.05,0.669,26.1,0.103,-0.170586
NC_000018.9:g.55217956C>G,FECH,c.1278C>G,p.Ser426Arg,NA,gnomAD_v2.1.1,NA,NA,NA,NA,NA,NA,NA,NA,NA,NA
NC_000018.9:g.55217970T>A,FECH,c.1264T>A,p.Ser422Thr,NA,gnomAD_v2.1.1,NA,NA,NA,NA,NA,NA,NA,NA,NA,NA
NC_000018.9:g.55217975C>T,FECH,c.1259C>T,p.Thr420Ile,NA,gnomAD_v2.1.1,0.984,0.117,NA,2.215,-1.67,-4.42,0.53,24.8,0.449,0.143944
NC_000018.9:g.55217984G>T,FECH,c.1250G>T,p.Cys417Phe,NA,gnomAD_v2.1.1,1,0,NA,2.905,-10.57,-4.44,0.956,29.3,0.985,0.55988
NC_000018.9:g.55217985T>G,FECH,c.1249T>G,p.Cys417Gly,VCV000242756,gnomAD_v2.1.1,1,0.001,NA,2.905,-11.54,-4.43,0.977,27.2,0.991,0.567669
NC_000018.9:g.55217988G>A,FECH,c.1246G>A,p.Val416Ile,NA,gnomAD_v2.1.1,0.01,0.066,NA,1.935,-1.54,-4.42,0.501,20.9,0.157,0.168734
NC_000018.9:g.55218003C>T,FECH,c.1231C>T,p.Leu411Phe,VCV001485550,gnomAD_v2.1.1,0.25,0.337,NA,2.32,-0.66,-4.46,0.553,23.3,0.225,0.168817
NC_000018.9:g.55218005C>T,FECH,c.1229C>T,p.Pro410Leu,NA,gnomAD_v2.1.1,1,0.144,NA,1.76,-7.56,-4.4,0.753,25.1,0.58,0.340774
NC_000018.9:g.55218006C>G,FECH,c.1228C>G,p.Pro410Ala,NA,gnomAD_v2.1.1,NA,NA,NA,NA,NA,NA,NA,NA,NA,NA
NC_000018.9:g.55218017C>A,FECH,c.1217C>A,p.Thr406Asn,NA,gnomAD_v2.1.1,0.525,0.187,NA,2.36,0.15,-4.38,0.497,16.36,0.153,0.177863
NC_000018.9:g.55218027A>C,FECH,c.1207A>C,p.Lys403Gln,NA,gnomAD_v2.1.1,0.273,0.733,NA,1.955,-1.16,-4.36,0.323,22.4,0.143,0.0923932
NC_000018.9:g.55218052C>A,FECH,c.1182C>A,p.His394Gln,NA,gnomAD_v2.1.1,NA,NA,NA,NA,NA,NA,NA,NA,NA,NA
NC_000018.9:g.55218068A>G,FECH,c.1166A>G,p.Asp389Gly,NA,gnomAD_v2.1.1,0.865,0.002,NA,2.56,-6.48,-4.59,0.748,24.3,0.277,0.296278
NC_000018.9:g.55218068A>C,FECH,c.1166A>C,p.Asp389Ala,NA,gnomAD_v2.1.1,0.903,0.004,NA,2.305,-5.73,-4.54,0.808,24.7,0.285,0.204555
NC_000018.9:g.55218069G>A,FECH,c.1165G>A,p.Asp389Asn,VCV001519136,gnomAD_v2.1.1,1,0.001,NA,3.11,-6.97,-4.66,0.806,24.8,0.346,0.411511
NC_000018.9:g.55218071C>T,FECH,c.1163C>T,p.Ala388Val,NA,gnomAD_v2.1.1,0.999,0.001,NA,3.605,-4.82,-4.47,0.949,29.1,0.989,0.57872
NC_000018.9:g.55218527C>T,FECH,c.424C>T,p.Ser142Leu,NA,gnomAD_v2.1.1,NA,NA,NA,NA,NA,NA,NA,NA,NA,NA
NC_000018.9:g.55218531C>A,FECH,c.420C>A,p.Gln141Lys,VCV002959258,gnomAD_v2.1.1,NA,NA,NA,NA,NA,NA,NA,NA,NA,NA
NC_000018.9:g.55218540A>G,FECH,c.411A>G,p.Thr138Ala,NA,gnomAD_v2.1.1,NA,NA,NA,NA,NA,NA,NA,NA,NA,NA
NC_000018.9:g.55218542C>T,FECH,c.409C>T,p.Ser137Phe,NA,gnomAD_v2.1.1,NA,NA,NA,NA,NA,NA,NA,NA,NA,NA
NC_000018.9:g.55218551C>T,FECH,c.1151C>T,p.Ser384Phe,NA,gnomAD_v2.1.1,0.946,0.04,NA,0.895,0.51,-4.19,0.649,26.2,0.123,0.296427
NC_000018.9:g.55218560C>G,FECH,c.1142C>G,p.Pro381Arg,NA,gnomAD_v2.1.1,NA,NA,NA,NA,NA,NA,NA,NA,NA,NA
NC_000018.9:g.55218561C>T,FECH,c.1141C>T,p.Pro381Ser,NA,gnomAD_v2.1.1,0.982,0.032,NA,3.02,-7.21,-4.75,0.894,28.6,0.114,0.547796
NC_000018.9:g.55218588A>G,FECH,c.1114A>G,p.Arg372Gly,NA,gnomAD_v2.1.1,NA,NA,NA,NA,NA,NA,NA,NA,NA,NA
NC_000018.9:g.55221496A>C,FECH,c.1091A>C,p.Lys364Thr,NA,gnomAD_v2.1.1,0.017,0.14,NA,0.955,-0.93,-4.25,0.228,16.05,0.068,0.0183597
NC_000018.9:g.55221506G>A,FECH,c.1081G>A,p.Val361Ile,NA,gnomAD_v2.1.1,0.909,0.079,NA,0.895,-1.35,-4.2,0.639,21.3,0.117,0.235027
NC_000018.9:g.55221514A>G,FECH,c.1073A>G,p.Tyr358Cys,NA,gnomAD_v2.1.1,1,0.001,NA,3.53,-7.53,-4.3,0.877,24.3,0.847,0.49486
NC_000018.9:g.55221515T>G,FECH,c.1072T>G,p.Tyr358Asp,NA,gnomAD_v2.1.1,1,0,NA,3.18,-4.21,-4.34,0.851,26.3,0.905,0.439711
NC_000018.9:g.55221518G>A,FECH,c.1069G>A,p.Glu357Lys,NA,gnomAD_v2.1.1,NA,NA,NA,NA,NA,NA,NA,42,NA,0.625005
NC_000018.9:g.55221519C>G,FECH,c.1068C>G,p.Ile356Met,NA,gnomAD_v2.1.1,NA,NA,NA,NA,NA,NA,NA,NA,NA,NA
NC_000018.9:g.55221538C>T,FECH,c.1049C>T,p.Thr350Met,NA,gnomAD_v2.1.1,1,0,NA,3.72,-5.58,-4.94,0.938,32,0.994,0.594106
NC_000018.9:g.55221548C>T,FECH,c.1039C>T,p.His347Tyr,NA,gnomAD_v2.1.1,1,0,NA,2.585,-6.5,-4.64,0.72,28.6,0.936,0.308011
NC_000018.9:g.55221552T>A,FECH,c.1035T>A,p.Ser345Arg,NA,gnomAD_v2.1.1,NA,NA,NA,NA,NA,NA,NA,NA,NA,NA
NC_000018.9:g.55221563G>A,FECH,c.1024G>A,p.Ala342Thr,NA,gnomAD_v2.1.1,1,0.108,NA,1.18,-2.79,-4.28,0.625,24.6,0.233,0.395249
NC_000018.9:g.55221568C>T,FECH,c.1019C>T,p.Pro340Leu,VCV000375409,gnomAD_v2.1.1,1,0.001,NA,3.705,-7.44,-6.88,0.906,28.6,0.995,0.592667
NC_000018.9:g.55221578C>T,FECH,c.1009C>T,p.Leu337Phe,NA,gnomAD_v2.1.1,1,0.688,NA,1.29,-0.28,-4.3,0.499,24.7,0.122,0.263273
NC_000018.9:g.55221579C>G,FECH,c.1008C>G,p.Ile336Met,NA,gnomAD_v2.1.1,NA,NA,NA,NA,NA,NA,NA,NA,NA,NA
NC_000018.9:g.55221594G>C,FECH,c.993G>C,p.Arg331Ser,NA,gnomAD_v2.1.1,NA,NA,NA,NA,NA,NA,NA,NA,NA,NA
NC_000018.9:g.55221595G>A,FECH,c.992G>A,p.Arg331Lys,NA,gnomAD_v2.1.1,0.999,0.011,NA,2.045,-2.01,-4.24,0.772,25.2,0.227,0.269907
NC_000018.9:g.55221605C>T,FECH,c.982C>T,p.Leu328Phe,NA,gnomAD_v2.1.1,0.982,0.03,NA,2.87,-0.7,-4.59,0.676,27.6,0.29,0.334953
NC_000018.9:g.55221610A>G,FECH,c.977A>G,p.Lys326Arg,VCV001029666,gnomAD_v2.1.1,0.949,0.118,NA,1.98,-4.67,-4.28,0.683,20.1,0.254,0.120758
NC_000018.9:g.55221610A>C,FECH,c.977A>C,p.Lys326Thr,NA,gnomAD_v2.1.1,0.01,0.177,NA,1.455,-2.11,-4.22,0.377,15.71,0.071,-0.116689
NC_000018.9:g.55221612C>G,FECH,c.975C>G,p.Ile325Met,NA,gnomAD_v2.1.1,NA,NA,NA,NA,NA,NA,NA,NA,NA,NA
NC_000018.9:g.55221614A>G,FECH,c.973A>G,p.Ile325Val,NA,gnomAD_v2.1.1,0.992,0.362,NA,1.205,-1.39,-4.01,0.638,22.6,0.176,0.192686
NC_000018.9:g.55221616C>G,FECH,c.971C>G,p.Ser324Cys,VCV002527792,gnomAD_v2.1.1,NA,NA,NA,NA,NA,NA,NA,NA,NA,NA
NC_000018.9:g.55221618A>T,FECH,c.969A>T,p.Glu323Asp,VCV003094363,gnomAD_v2.1.1,NA,NA,NA,NA,NA,NA,NA,NA,NA,NA
NC_000018.9:g.55221620G>A,FECH,c.967G>A,p.Glu323Lys,VCV002910597,gnomAD_v2.1.1,NA,NA,NA,NA,NA,NA,NA,36,NA,0.625005
NC_000018.9:g.55221622A>G,FECH,c.965A>G,p.Asp322Gly,VCV002813211,gnomAD_v2.1.1,0.876,0.476,NA,1.32,-5,-4.25,0.59,21.8,0.143,0.206453
NC_000018.9:g.55221634G>T,FECH,c.953G>T,p.Gly318Val,VCV000327424,gnomAD_v2.1.1,0.999,0.01,NA,3.29,-4.7,-4.23,0.745,29,0.925,0.50871
NC_000018.9:g.55221635G>T,FECH,c.952G>T,p.Gly318Cys,NA,gnomAD_v2.1.1,0.98,0.103,NA,1.905,-3.97,-4.18,0.721,26.2,0.313,0.339683
NC_000018.9:g.55221638T>G,FECH,c.949T>G,p.Leu317Val,NA,gnomAD_v2.1.1,NA,NA,NA,NA,NA,NA,NA,NA,NA,NA
NC_000018.9:g.55221639G>T,FECH,c.948G>T,p.Trp316Cys,NA,gnomAD_v2.1.1,NA,NA,NA,NA,NA,NA,NA,48,NA,0.625005
NC_000018.9:g.55221645G>A,FECH,c.942G>A,p.Met314Ile,NA,gnomAD_v2.1.1,0.004,0.225,NA,1.215,-0.89,-4.15,0.368,17.81,0.282,0.153738
NC_000018.9:g.55221649C>T,FECH,c.938C>T,p.Pro313Leu,VCV003514587,gnomAD_v2.1.1,1,0.006,NA,3.675,-7.47,-4.4,0.755,26.7,0.613,0.440771
NC_000018.9:g.55221652G>C,FECH,c.935G>C,p.Gly312Ala,NA,gnomAD_v2.1.1,NA,NA,NA,NA,NA,NA,NA,NA,NA,NA
NC_000018.9:g.55221656G>T,FECH,c.931G>T,p.Val311Phe,VCV000623168,gnomAD_v2.1.1,0.938,0.005,NA,2.955,-0.93,-4.31,0.591,28,0.282,0.26986
NC_000018.9:g.55222090T>C,FECH,c.917T>C,p.Val306Ala,NA,gnomAD_v2.1.1,0.981,0.228,NA,2.205,-5.58,-4.4,0.855,24.5,0.577,0.492576
NC_000018.9:g.55222096G>A,FECH,c.911G>A,p.Arg304Gln,NA,gnomAD_v2.1.1,1,0.114,NA,2.42,-4.75,-4.24,0.866,31,0.688,0.518621
NC_000018.9:g.55222103C>T,FECH,c.904C>T,p.Pro302Ser,NA,gnomAD_v2.1.1,0.918,0.004,NA,2.39,-6.18,-4.45,0.738,23.7,0.233,0.265029
NC_000018.9:g.55222115G>C,FECH,c.892G>C,p.Glu298Gln,VCV003094362,gnomAD_v2.1.1,NA,NA,NA,NA,NA,NA,NA,NA,NA,NA
NC_000018.9:g.55222120G>A,FECH,c.887G>A,p.Arg296Lys,NA,gnomAD_v2.1.1,0.012,0.027,NA,1.51,-2.65,-4.3,0.299,18.36,0.1,0.0602789
NC_000018.9:g.55222131A>T,FECH,c.876A>T,p.Lys292Asn,NA,gnomAD_v2.1.1,NA,NA,NA,NA,NA,NA,NA,NA,NA,NA
NC_000018.9:g.55222135A>G,FECH,c.872A>G,p.Gln291Arg,VCV000327428,gnomAD_v2.1.1,0.948,0.181,NA,2.525,-3.2,-4.26,0.881,24.5,0.805,0.451208
NC_000018.9:g.55222145G>T,FECH,c.862G>T,p.Ala288Ser,NA,gnomAD_v2.1.1,0.999,0.049,NA,1.98,-3.35,-4.32,0.764,29.6,0.269,0.13892
NC_000018.9:g.55222145G>A,FECH,c.862G>A,p.Ala288Thr,NA,gnomAD_v2.1.1,0.69,0.06,NA,1.315,-2.21,-4.29,0.707,24.5,0.145,0.10687
NC_000018.9:g.55222168A>G,FECH,c.839A>G,p.Asp280Gly,NA,gnomAD_v2.1.1,1,0.001,NA,3.655,-7.43,-4.94,0.978,28.6,0.994,0.567414
NC_000018.9:g.55222169G>A,FECH,c.838G>A,p.Asp280Asn,VCV000631802,gnomAD_v2.1.1,1,0.001,NA,3.655,-8.4,-4.98,0.978,32,0.987,0.573017
NC_000018.9:g.55222184G>A,FECH,c.823G>A,p.Val275Met,NA,gnomAD_v2.1.1,0.939,0.026,NA,1.895,-2.39,-4.37,0.712,31,0.68,0.271677
NC_000018.9:g.55226380G>A,FECH,c.819G>A,p.Met273Ile,VCV000000549,gnomAD_v2.1.1,0.876,0.012,NA,2.225,-2.22,-4.19,0.842,25.7,0.52,0.428198
NC_000018.9:g.55226381T>C,FECH,c.818T>C,p.Met273Thr,VCV002461890,gnomAD_v2.1.1,0.998,0.001,NA,2.425,-5,-4.16,0.947,34,0.675,0.541428
NC_000018.9:g.55226384C>T,FECH,c.815C>T,p.Pro272Leu,NA,gnomAD_v2.1.1,1,0.001,NA,3.66,-8.4,-6.39,0.968,29.7,0.991,0.58197
NC_000018.9:g.55226388C>G,FECH,c.811C>G,p.Leu271Val,VCV002960520,gnomAD_v2.1.1,NA,NA,NA,NA,NA,NA,NA,NA,NA,NA
NC_000018.9:g.55226415G>T,FECH,c.784G>T,p.Val262Leu,NA,gnomAD_v2.1.1,1,0.004,NA,2.965,-2.75,-4.5,0.864,29.1,0.824,0.371791
NC_000018.9:g.55226418G>A,FECH,c.781G>A,p.Glu261Lys,NA,gnomAD_v2.1.1,NA,NA,NA,NA,NA,NA,NA,45,NA,0.625005
NC_000018.9:g.55226432T>A,FECH,c.767T>A,p.Leu256His,NA,gnomAD_v2.1.1,NA,NA,NA,NA,NA,NA,NA,NA,NA,NA
NC_000018.9:g.55226442C>G,FECH,c.757C>G,p.His253Asp,NA,gnomAD_v2.1.1,NA,NA,NA,NA,NA,NA,NA,NA,NA,NA
NC_000018.9:g.55226466G>A,FECH,c.733G>A,p.Asp245Asn,NA,gnomAD_v2.1.1,0.984,0.007,NA,2.44,-2.25,-4.6,0.788,34,0.338,0.22289
NC_000018.9:g.55226474G>A,FECH,c.725G>A,p.Cys242Tyr,NA,gnomAD_v2.1.1,0.999,0.001,NA,1.67,-2.73,-4.15,0.927,32,0.913,0.512432
NC_000018.9:g.55230106G>C,FECH,c.723G>C,p.Gln241His,NA,gnomAD_v2.1.1,NA,NA,NA,NA,NA,NA,NA,NA,NA,NA
NC_000018.9:g.55230107A>G,FECH,c.722A>G,p.Gln241Arg,NA,gnomAD_v2.1.1,0.973,0.019,NA,2.095,-2.68,-4.43,0.891,29.4,0.693,0.431895
NC_000018.9:g.55230111A>G,FECH,c.718A>G,p.Ile240Val,NA,gnomAD_v2.1.1,0.33,0.012,NA,1.38,-1.83,-4.47,0.554,22.1,0.246,0.181395
NC_000018.9:g.55230122A>G,FECH,c.707A>G,p.His236Arg,NA,gnomAD_v2.1.1,0.999,0.002,NA,3.13,-9.37,-4.61,0.932,27.6,0.776,0.554353
NC_000018.9:g.55230125C>T,FECH,c.704C>T,p.Thr235Ile,NA,gnomAD_v2.1.1,0.999,0.173,NA,1.615,-5.39,-4.14,0.816,26.4,0.439,0.471552
NC_000018.9:g.55230141A>G,FECH,c.688A>G,p.Ile230Val,NA,gnomAD_v2.1.1,0.995,0.003,NA,2.035,-1.97,-4.4,0.82,24.3,0.343,0.349434
NC_000018.9:g.55230147A>G,FECH,c.682A>G,p.Ser228Gly,NA,gnomAD_v2.1.1,1,0.001,NA,1.47,-4.82,-4.12,0.853,27.1,0.984,0.515017
NC_000018.9:g.55230158C>T,FECH,c.671C>T,p.Thr224Met,VCV002393226,gnomAD_v2.1.1,0,1,NA,-0.745,0.82,-4.11,0.168,1.212,0.057,-0.090751
NC_000018.9:g.55230159A>G,FECH,c.670A>G,p.Thr224Ala,VCV003278465,gnomAD_v2.1.1,0.057,0.256,NA,-0.19,-0.66,-4.24,0.312,0.284,0.076,0.0511354
NC_000018.9:g.55230167G>A,FECH,c.662G>A,p.Arg221Gln,NA,gnomAD_v2.1.1,0,0.331,NA,-1.19,0.08,-4.23,0.363,7.113,0.11,0.0212864
NC_000018.9:g.55230168C>T,FECH,c.661C>T,p.Arg221Trp,VCV002736738,gnomAD_v2.1.1,NA,NA,NA,NA,NA,NA,NA,NA,NA,NA
NC_000018.9:g.55230183T>G,FECH,c.646T>G,p.Tyr216Asp,NA,gnomAD_v2.1.1,0.998,0.316,NA,2.435,-3.12,-4.21,0.877,24,0.388,0.42643
NC_000018.9:g.55230195A>G,FECH,c.634A>G,p.Ile212Val,NA,gnomAD_v2.1.1,0.544,1,NA,-0.255,-0.91,-4.02,0.624,21.9,0.22,0.229465
NC_000018.9:g.55230206G>C,FECH,c.623G>C,p.Ser208Thr,NA,gnomAD_v2.1.1,NA,NA,NA,NA,NA,NA,NA,NA,NA,NA
NC_000018.9:g.55230212G>C,FECH,c.617G>C,p.Gly206Ala,NA,gnomAD_v2.1.1,NA,NA,NA,NA,NA,NA,NA,NA,NA,NA
NC_000018.9:g.55233687C>T,FECH,c.608C>T,p.Ser203Phe,VCV002787784,gnomAD_v2.1.1,0.993,0.001,NA,3.385,-5.1,-4.52,0.956,28.2,0.953,0.572081
NC_000018.9:g.55233703C>G,FECH,c.592C>G,p.Pro198Ala,NA,gnomAD_v2.1.1,NA,NA,NA,NA,NA,NA,NA,NA,NA,NA
NC_000018.9:g.55233706T>C,FECH,c.589T>C,p.Tyr197His,NA,gnomAD_v2.1.1,1,0,NA,3.64,-9.81,-4.51,0.989,27.5,0.996,0.582539
NC_000018.9:g.55233721A>C,FECH,c.574A>C,p.Ile192Leu,NA,gnomAD_v2.1.1,0,1,NA,-0.915,0.5,-4.1,0.294,12.03,0.058,0.0251223
NC_000018.9:g.55233725G>C,FECH,c.570G>C,p.Arg190Ser,NA,gnomAD_v2.1.1,NA,NA,NA,NA,NA,NA,NA,NA,NA,NA
NC_000018.9:g.55233726G>C,FECH,c.569G>C,p.Arg190Thr,NA,gnomAD_v2.1.1,NA,NA,NA,NA,NA,NA,NA,NA,NA,NA
NC_000018.9:g.55233735G>T,FECH,c.560G>T,p.Gly187Val,NA,gnomAD_v2.1.1,1,0.05,NA,2.215,-5.22,-4.99,0.85,25.7,0.169,0.364935
NC_000018.9:g.55233745G>A,FECH,c.550G>A,p.Glu184Lys,NA,gnomAD_v2.1.1,NA,NA,NA,NA,NA,NA,NA,42,NA,0.625005
NC_000018.9:g.55233751G>A,FECH,c.544G>A,p.Glu182Lys,NA,gnomAD_v2.1.1,NA,NA,NA,NA,NA,NA,NA,37,NA,0.625005
NC_000018.9:g.55233762A>C,FECH,c.533A>C,p.Glu178Ala,NA,gnomAD_v2.1.1,0.34,0.02,NA,2.02,-3.12,-4.62,0.791,23.2,0.217,0.23364
NC_000018.9:g.55233763G>A,FECH,c.532G>A,p.Glu178Lys,VCV000327431,gnomAD_v2.1.1,NA,NA,NA,NA,NA,NA,NA,41,NA,0.625005
NC_000018.9:g.55233768C>T,FECH,c.527C>T,p.Thr176Ile,NA,gnomAD_v2.1.1,1,0.001,NA,3.48,-5.89,-4.27,0.967,29.8,0.984,0.585083
NC_000018.9:g.55233777A>G,FECH,c.518A>G,p.His173Arg,NA,gnomAD_v2.1.1,0.001,0.269,NA,1.715,-2.4,-4.34,0.647,20.9,0.148,0.336807
NC_000018.9:g.55233781G>A,FECH,c.514G>A,p.Val172Ile,VCV002224498,gnomAD_v2.1.1,1,0.007,NA,1.79,-3.36,-4.25,0.906,33,0.666,0.468077
NC_000018.9:g.55233781G>T,FECH,c.514G>T,p.Val172Phe,NA,gnomAD_v2.1.1,0.994,0.026,NA,1.79,-0.98,-4.2,0.662,29.7,0.205,0.170732
NC_000018.9:g.55233786G>A,FECH,c.509G>A,p.Arg170Gln,NA,gnomAD_v2.1.1,1,0,NA,3.645,-6.98,-4.7,0.954,34,0.981,0.572501
NC_000018.9:g.55233787C>T,FECH,c.508C>T,p.Arg170Trp,VCV002138161,gnomAD_v2.1.1,NA,NA,NA,NA,NA,NA,NA,NA,NA,NA
NC_000018.9:g.55233795T>C,FECH,c.500T>C,p.Ile167Thr,NA,gnomAD_v2.1.1,0.995,0.002,NA,2.395,-5.32,-4.3,0.962,28.6,0.661,0.538965
NC_000018.9:g.55233810C>T,FECH,c.485C>T,p.Pro162Leu,NA,gnomAD_v2.1.1,1,0.001,NA,2.77,-8.93,-4.43,0.861,25.4,0.833,0.435223
NC_000018.9:g.55235084C>T,FECH,c.488C>T,p.Pro163Leu,NA,gnomAD_v2.1.1,NA,NA,NA,NA,NA,NA,NA,NA,NA,NA
NC_000018.9:g.55235100C>G,FECH,c.472C>G,p.Gln158Glu,NA,gnomAD_v2.1.1,NA,NA,NA,NA,NA,NA,NA,NA,NA,NA
NC_000018.9:g.55238628C>G,FECH,c.477C>G,p.Asn159Lys,NA,gnomAD_v2.1.1,NA,NA,NA,NA,NA,NA,NA,NA,NA,NA
NC_000018.9:g.55238633C>T,FECH,c.472C>T,p.Pro158Ser,NA,gnomAD_v2.1.1,1,0.001,NA,2.435,-7.66,-4.55,0.845,25.8,0.195,0.352791
NC_000018.9:g.55238635C>G,FECH,c.470C>G,p.Ser157Cys,NA,gnomAD_v2.1.1,NA,NA,NA,NA,NA,NA,NA,NA,NA,NA
NC_000018.9:g.55238642G>C,FECH,c.463G>C,p.Glu155Gln,NA,gnomAD_v2.1.1,NA,NA,NA,NA,NA,NA,NA,NA,NA,NA
NC_000018.9:g.55238663G>T,FECH,c.442G>T,p.Gly148Cys,NA,gnomAD_v2.1.1,0.884,0.681,NA,1.475,-0.9,-4.16,0.688,24,0.103,0.284254
NC_000018.9:g.55238669G>A,FECH,c.436G>A,p.Gly146Arg,NA,gnomAD_v2.1.1,NA,NA,NA,NA,NA,NA,NA,41,NA,0.625005
NC_000018.9:g.55238671A>T,FECH,c.434A>T,p.Gln145Leu,NA,gnomAD_v2.1.1,NA,NA,NA,NA,NA,NA,NA,NA,NA,NA
NC_000018.9:g.55238680C>G,FECH,c.425C>G,p.Thr142Ser,NA,gnomAD_v2.1.1,NA,NA,NA,NA,NA,NA,NA,NA,NA,NA
NC_000018.9:g.55238684T>C,FECH,c.421T>C,p.Trp141Arg,NA,gnomAD_v2.1.1,1,0.001,NA,2.92,-12.43,-4.2,0.927,32,0.83,0.559711
NC_000018.9:g.55238692T>C,FECH,c.413T>C,p.Ile138Thr,NA,gnomAD_v2.1.1,1,0,NA,3.405,-5.73,-4.49,0.98,29.2,0.958,0.579833
NC_000018.9:g.55238702G>A,FECH,c.403G>A,p.Gly135Arg,VCV000327432,gnomAD_v2.1.1,NA,NA,NA,NA,NA,NA,NA,42,NA,0.625005
NC_000018.9:g.55238705G>A,FECH,c.400G>A,p.Gly134Ser,NA,gnomAD_v2.1.1,1,0.001,NA,3.7,-8.6,-4.73,0.941,32,0.769,0.487196
NC_000018.9:g.55238714A>G,FECH,c.391A>G,p.Arg131Gly,NA,gnomAD_v2.1.1,NA,NA,NA,NA,NA,NA,NA,NA,NA,NA
NC_000018.9:g.55238716G>A,FECH,c.389G>A,p.Arg130His,NA,gnomAD_v2.1.1,0.741,0.219,NA,1.575,-2.12,-4.29,0.445,22.2,0.141,0.119463
NC_000018.9:g.55238717C>T,FECH,c.388C>T,p.Arg130Cys,NA,gnomAD_v2.1.1,0.086,0.793,NA,0.22,0.62,-4.23,0.303,20.7,0.143,-0.039105
NC_000018.9:g.55238717C>A,FECH,c.388C>A,p.Arg130Ser,NA,gnomAD_v2.1.1,1,0.039,NA,2.125,-2.08,-4.32,0.773,28,0.101,0.115874
NC_000018.9:g.55238723C>G,FECH,c.382C>G,p.Gln128Glu,NA,gnomAD_v2.1.1,NA,NA,NA,NA,NA,NA,NA,NA,NA,NA
NC_000018.9:g.55238725A>T,FECH,c.380A>T,p.Glu127Val,NA,gnomAD_v2.1.1,NA,NA,NA,NA,NA,NA,NA,NA,NA,NA
NC_000018.9:g.55238725A>G,FECH,c.380A>G,p.Glu127Gly,VCV000327433,gnomAD_v2.1.1,0.062,0.106,NA,1.905,-3.61,-4.29,0.598,23,0.159,0.217
NC_000018.9:g.55238732A>T,FECH,c.373A>T,p.Ile125Phe,NA,gnomAD_v2.1.1,NA,NA,NA,NA,NA,NA,NA,NA,NA,NA
NC_000018.9:g.55238740C>A,FECH,c.365C>A,p.Thr122Asn,NA,gnomAD_v2.1.1,1,0.001,NA,2.93,-5.72,-4.38,0.808,28.4,0.849,0.182343
NC_000018.9:g.55238740C>T,FECH,c.365C>T,p.Thr122Ile,NA,gnomAD_v2.1.1,1,0.003,NA,2.73,-4.77,-4.44,0.838,27.4,0.716,0.25994
NC_000018.9:g.55238741A>C,FECH,c.364A>C,p.Thr122Pro,VCV001510467,gnomAD_v2.1.1,0.999,0.193,NA,1.135,-4.77,-4.33,0.599,22.3,0.187,0.11103
NC_000018.9:g.55238743G>A,FECH,c.362G>A,p.Arg121Gln,NA,gnomAD_v2.1.1,1,0,NA,3.72,-6.64,-4.89,0.982,33,0.931,0.561225
NC_000018.9:g.55238746G>A,FECH,c.359G>A,p.Arg120His,NA,gnomAD_v2.1.1,1,0.045,NA,1.475,-6.5,-4.19,0.807,26.1,0.421,0.374346
NC_000018.9:g.55238747C>T,FECH,c.358C>T,p.Arg120Cys,NA,gnomAD_v2.1.1,1,0.005,NA,2.235,-5.5,-4.19,0.789,29.1,0.798,0.370625
NC_000018.9:g.55238753G>A,FECH,c.352G>A,p.Ala118Thr,NA,gnomAD_v2.1.1,0.999,0.252,NA,1.1,-2.21,-4.22,0.795,25.9,0.258,0.296908
NC_000018.9:g.55240478A>G,FECH,c.332A>G,p.Asn111Ser,NA,gnomAD_v2.1.1,0.006,0.204,NA,1.1,-0.96,-4.34,0.345,17.01,0.109,0.0751254
NC_000018.9:g.55240488C>G,FECH,c.322C>G,p.Pro108Ala,NA,gnomAD_v2.1.1,NA,NA,NA,NA,NA,NA,NA,NA,NA,NA
NC_000018.9:g.55240501C>A,FECH,c.309C>A,p.Asp103Glu,NA,gnomAD_v2.1.1,NA,NA,NA,NA,NA,NA,NA,NA,NA,NA
NC_000018.9:g.55240505G>A,FECH,c.305G>A,p.Arg102Gln,VCV000327434,gnomAD_v2.1.1,0.342,0.231,NA,1.78,-4.6,-4.39,0.532,22.2,0.421,0.177288
NC_000018.9:g.55240513C>A,FECH,c.297C>A,p.Phe99Leu,NA,gnomAD_v2.1.1,NA,NA,NA,NA,NA,NA,NA,NA,NA,NA
NC_000018.9:g.55240514T>A,FECH,c.296T>A,p.Phe99Tyr,NA,gnomAD_v2.1.1,NA,NA,NA,NA,NA,NA,NA,NA,NA,NA
NC_000018.9:g.55240527C>T,FECH,c.283C>T,p.Leu95Phe,NA,gnomAD_v2.1.1,1,0,NA,3.725,-1.88,-4.84,0.786,27.4,0.85,0.324645
NC_000018.9:g.55240531C>A,FECH,c.279C>A,p.Asp93Glu,NA,gnomAD_v2.1.1,NA,NA,NA,NA,NA,NA,NA,NA,NA,NA
NC_000018.9:g.55240533G>A,FECH,c.277G>A,p.Asp93Asn,VCV003094361,gnomAD_v2.1.1,0.999,0.019,NA,2.95,-6.25,-4.24,0.843,25.2,0.285,0.399181
NC_000018.9:g.55240533G>C,FECH,c.277G>C,p.Asp93His,NA,gnomAD_v2.1.1,NA,NA,NA,NA,NA,NA,NA,NA,NA,NA
NC_000018.9:g.55240539G>A,FECH,c.271G>A,p.Val91Ile,NA,gnomAD_v2.1.1,1,0.001,NA,3.595,-4.3,-4.87,0.911,28.2,0.988,0.583932
NC_000018.9:g.55240540T>A,FECH,c.270T>A,p.Asp90Glu,NA,gnomAD_v2.1.1,NA,NA,NA,NA,NA,NA,NA,NA,NA,NA
NC_000018.9:g.55240542G>A,FECH,c.268G>A,p.Asp90Asn,NA,gnomAD_v2.1.1,0.995,0.002,NA,2.87,-4.12,-4.49,0.618,27.3,0.504,0.267974
NC_000018.9:g.55240545G>A,FECH,c.265G>A,p.Gly89Arg,NA,gnomAD_v2.1.1,NA,NA,NA,NA,NA,NA,NA,37,NA,0.625005
NC_000018.9:g.55240550C>T,FECH,c.260C>T,p.Thr87Ile,NA,gnomAD_v2.1.1,0.072,0.189,NA,1.975,-1.51,-4.51,0.452,19.53,0.086,0.113617
NC_000018.9:g.55240559G>C,FECH,c.251G>C,p.Gly84Ala,NA,gnomAD_v2.1.1,NA,NA,NA,NA,NA,NA,NA,NA,NA,NA
NC_000018.9:g.55240566A>T,FECH,c.244A>T,p.Met82Leu,NA,gnomAD_v2.1.1,NA,NA,NA,NA,NA,NA,NA,NA,NA,NA
NC_000018.9:g.55240572C>G,FECH,c.238C>G,p.Leu80Val,NA,gnomAD_v2.1.1,NA,NA,NA,NA,NA,NA,NA,NA,NA,NA
NC_000018.9:g.55240590A>G,FECH,c.220A>G,p.Lys74Glu,VCV000327435,gnomAD_v2.1.1,0.495,0.101,NA,2.565,-1.78,-4.43,0.538,18.79,0.143,0.220917
NC_000018.9:g.55240592C>T,FECH,c.218C>T,p.Pro73Leu,VCV003094360,gnomAD_v2.1.1,1,0.024,NA,1.7,-4.45,-4.43,0.519,24.4,0.38,0.285942
NC_000018.9:g.55247296C>G,FECH,c.203C>G,p.Ser68Cys,NA,gnomAD_v2.1.1,NA,NA,NA,NA,NA,NA,NA,NA,NA,NA
NC_000018.9:g.55247305G>A,FECH,c.194G>A,p.Arg65Lys,NA,gnomAD_v2.1.1,0.999,0.038,NA,1.7,-0.47,-4.52,0.528,29.8,0.15,0.297015
NC_000018.9:g.55247314C>T,FECH,c.185C>T,p.Pro62Leu,NA,gnomAD_v2.1.1,0.312,0.236,NA,1.65,-0.18,-4.47,0.351,11.77,0.075,0.144914
NC_000018.9:g.55247314C>G,FECH,c.185C>G,p.Pro62Arg,VCV000631803,gnomAD_v2.1.1,NA,NA,NA,NA,NA,NA,NA,NA,NA,NA
NC_000018.9:g.55247326C>T,FECH,c.173C>T,p.Pro58Leu,NA,gnomAD_v2.1.1,0.975,0.557,NA,1.445,-0.15,-4.55,0.369,19.09,0.09,0.0848843
NC_000018.9:g.55247336G>A,FECH,c.163G>A,p.Gly55Ser,VCV001599190,gnomAD_v2.1.1,0.214,0.041,NA,0,0.56,-4.48,0.333,9.434,0.086,-0.321343
NC_000018.9:g.55247336G>T,FECH,c.163G>T,p.Gly55Cys,VCV000000548,gnomAD_v2.1.1,0,0.897,NA,-1.59,0.83,-4.37,0.251,0.06,0.066,-0.381268
NC_000018.9:g.55247345C>A,FECH,c.154C>A,p.His52Asn,NA,gnomAD_v2.1.1,0.044,1,NA,0.695,-0.02,-4.44,0.236,11.71,0.074,0.0124311
NC_000018.9:g.55247354A>G,FECH,c.145A>G,p.Thr49Ala,NA,gnomAD_v2.1.1,0.232,0.173,NA,1.445,-0.76,-4.49,0.52,7.195,0.071,0.154421
NC_000018.9:g.55247359C>G,FECH,c.140C>G,p.Thr47Arg,VCV002857092,gnomAD_v2.1.1,NA,NA,NA,NA,NA,NA,NA,NA,NA,NA
NC_000018.9:g.55247360A>G,FECH,c.139A>G,p.Thr47Ala,VCV000327436,gnomAD_v2.1.1,0,0.483,NA,1.445,-0.84,-4.52,0.254,0.122,0.068,0.0204454
NC_000018.9:g.55247365T>C,FECH,c.134T>C,p.Val45Ala,VCV003278464,gnomAD_v2.1.1,0,0.35,NA,0,-0.23,-4.48,0.248,10.46,0.065,0.0286373
NC_000018.9:g.55247366G>C,FECH,c.133G>C,p.Val45Leu,NA,gnomAD_v2.1.1,NA,NA,NA,NA,NA,NA,NA,NA,NA,NA
NC_000018.9:g.55247368C>T,FECH,c.131C>T,p.Ala44Val,NA,gnomAD_v2.1.1,0.232,0.21,NA,1.04,-1.18,-4.5,0.28,14.45,0.141,0.125001
NC_000018.9:g.55247371C>T,FECH,c.128C>T,p.Ala43Val,NA,gnomAD_v2.1.1,0.36,0.197,NA,1.59,-0.94,-4.49,0.334,13.64,0.144,0.122562
NC_000018.9:g.55247378G>A,FECH,c.121G>A,p.Ala41Thr,NA,gnomAD_v2.1.1,0.028,0.516,NA,1.525,-0.01,-4.48,0.227,10.72,0.093,0.0711552
NC_000018.9:g.55247380C>T,FECH,c.119C>T,p.Ala40Val,NA,gnomAD_v2.1.1,0.079,0.523,NA,1.245,-0.83,-4.5,0.225,10.26,0.12,0.0621203
NC_000018.9:g.55247395G>A,FECH,c.104G>A,p.Arg35Lys,VCV002060398,gnomAD_v2.1.1,0.083,0.013,NA,1.245,-0.23,-4.56,0.481,20.4,0.194,0.164406
NC_000018.9:g.55247399T>A,FECH,c.100T>A,p.Trp34Arg,NA,gnomAD_v2.1.1,NA,NA,NA,NA,NA,NA,NA,NA,NA,NA
NC_000018.9:g.55247407G>C,FECH,c.92G>C,p.Cys31Ser,NA,gnomAD_v2.1.1,NA,NA,NA,NA,NA,NA,NA,NA,NA,NA
NC_000018.9:g.55247429G>A,FECH,c.70G>A,p.Ala24Thr,NA,gnomAD_v2.1.1,0.004,0.729,NA,0,-0.21,-4.42,0.2,11.82,0.075,0.0162691
NC_000018.9:g.55253795C>G,FECH,c.58C>G,p.Arg20Gly,NA,gnomAD_v2.1.1,NA,NA,NA,NA,NA,NA,NA,NA,NA,NA
NC_000018.9:g.55253800T>C,FECH,c.53T>C,p.Leu18Pro,VCV003380545,gnomAD_v2.1.1,0.001,0.043,NA,0.695,-0.44,-4.69,0.351,13.01,0.064,0.13756
NC_000018.9:g.55253806G>A,FECH,c.47G>A,p.Gly16Asp,VCV002211641,gnomAD_v2.1.1,0.244,0.278,NA,1.385,-0.31,-4.5,0.342,14.79,0.135,0.115651
NC_000018.9:g.55253809C>T,FECH,c.44C>T,p.Ala15Val,NA,gnomAD_v2.1.1,0.894,0.759,NA,1.525,-0.2,-4.54,0.578,16.81,0.277,0.239433
NC_000018.9:g.55253816C>A,FECH,c.37C>A,p.Arg13Ser,VCV002458659,gnomAD_v2.1.1,1,0.003,NA,1.59,-0.13,-4.64,0.519,26.3,0.806,0.281892
NC_000018.9:g.55253824C>T,FECH,c.29C>T,p.Ala10Val,NA,gnomAD_v2.1.1,0.997,0.017,NA,1.65,-0.36,-4.63,0.561,26.2,0.515,0.299068
NC_000018.9:g.55253824C>G,FECH,c.29C>G,p.Ala10Gly,NA,gnomAD_v2.1.1,NA,NA,NA,NA,NA,NA,NA,NA,NA,NA
NC_000018.9:g.55253825G>A,FECH,c.28G>A,p.Ala10Thr,VCV003514590,gnomAD_v2.1.1,0.984,0.134,NA,1.65,-0.01,-4.57,0.392,24.1,0.216,0.161451
NC_000018.9:g.55253830T>A,FECH,c.23T>A,p.Met8Lys,NA,gnomAD_v2.1.1,NA,NA,NA,NA,NA,NA,NA,NA,NA,NA
NC_000018.9:g.55253839G>A,FECH,c.14G>A,p.Gly5Asp,NA,gnomAD_v2.1.1,0.041,0.272,NA,0.895,0.07,-4.47,0.233,17.15,0.13,0.149556
NC_000018.9:g.55253840G>C,FECH,c.13G>C,p.Gly5Arg,NA,gnomAD_v2.1.1,NA,NA,NA,NA,NA,NA,NA,NA,NA,NA
NC_000018.9:g.55253843C>T,FECH,c.10C>T,p.Leu4Phe,VCV002187456,gnomAD_v2.1.1,0.001,0.513,NA,0.69,0.04,-4.44,0.309,10.81,0.105,0.0336984
NC_000018.9:g.55253849C>T,FECH,c.4C>T,p.Arg2Cys,NA,gnomAD_v2.1.1,0.006,0.475,NA,0,0.08,-4.39,0.204,11.49,0.176,0.043859
NC_000018.9:g.55253849C>G,FECH,c.4C>G,p.Arg2Gly,NA,gnomAD_v2.1.1,NA,NA,NA,NA,NA,NA,NA,NA,NA,NA
NC_000001.10:g.45477949T>G,UROD,c.12T>G,p.Asn4Lys,NA,gnomAD_v2.1.1,0,0.701,NA,1.01,-0.43,-3.4,0.258,10.35,0.093,-0.155766
NC_000001.10:g.45477950G>A,UROD,c.13G>A,p.Gly5Arg,NA,gnomAD_v2.1.1,0.019,0.533,NA,0.345,0.28,-3.46,0.262,16.74,0.098,0.0945792
NC_000001.10:g.45477957G>A,UROD,c.20G>A,p.Gly7Glu,NA,gnomAD_v2.1.1,0.005,1,NA,0.2,0.87,-3.38,0.495,24.5,0.098,0.0670929
NC_000001.10:g.45477957G>T,UROD,c.20G>T,p.Gly7Val,NA,gnomAD_v2.1.1,0.146,0.28,NA,0,1.27,-3.43,0.522,32,0.086,0.144625
NC_000001.10:g.45478580C>T,UROD,c.22C>T,p.Pro8Ser,NA,gnomAD_v2.1.1,0,0.611,NA,1.39,-0.38,-3.4,0.238,11.05,0.082,0.00237704
NC_000001.10:g.45478583C>A,UROD,c.25C>A,p.Gln9Lys,NA,gnomAD_v2.1.1,0.001,0.88,NA,-0.255,-0.17,-3.39,0.237,1.66,0.076,0.000734779
NC_000001.10:g.45478585G>C,UROD,c.27G>C,p.Gln9His,VCV000874337,gnomAD_v2.1.1,0.009,0.311,NA,0.27,-0.66,-3.53,0.201,14.25,0.117,-0.0795716
NC_000001.10:g.45478586G>A,UROD,c.28G>A,p.Gly10Ser,NA,gnomAD_v2.1.1,0,0.737,NA,0.255,0.64,-3.38,0.26,7.945,0.098,-0.0712347
NC_000001.10:g.45478613T>C,UROD,c.55T>C,p.Phe19Leu,NA,gnomAD_v2.1.1,0.043,1,NA,1.035,0.42,-3.29,0.662,23,0.827,0.357744
NC_000001.10:g.45478628T>C,UROD,c.70T>C,p.Trp24Arg,NA,gnomAD_v2.1.1,0.001,1,NA,-2.495,4.5,-3.09,0.296,21.1,0.101,-0.124276
NC_000001.10:g.45478632G>A,UROD,c.74G>A,p.Gly25Glu,VCV002202749,gnomAD_v2.1.1,0.999,0.022,NA,3.705,-6.91,-3.77,0.886,31,0.72,0.554332
NC_000001.10:g.45478634G>A,UROD,c.76G>A,p.Glu26Lys,NA,gnomAD_v2.1.1,0.316,0.003,NA,2.41,-3.5,-3.52,0.788,23.1,0.09,0.249973
NC_000001.10:g.45478637G>A,UROD,c.79G>A,p.Glu27Lys,NA,gnomAD_v2.1.1,0,0.642,NA,0.165,-0.89,-3.32,0.296,20.9,0.092,0.0941183
NC_000001.10:g.45478638A>C,UROD,c.80A>C,p.Glu27Ala,NA,gnomAD_v2.1.1,0,0.226,NA,0.7,-2.79,-3.39,0.307,21.4,0.091,0.0782324
NC_000001.10:g.45478638A>T,UROD,c.80A>T,p.Glu27Val,VCV002887610,gnomAD_v2.1.1,0,0.193,NA,1.35,-3.76,-3.47,0.425,24.4,0.145,0.0523787
NC_000001.10:g.45478643G>C,UROD,c.85G>C,p.Asp29His,NA,gnomAD_v2.1.1,0.519,0.012,NA,2.29,-3.91,-3.83,0.761,25.7,0.182,0.0869543
NC_000001.10:g.45478655G>A,UROD,c.97G>A,p.Val33Ile,NA,gnomAD_v2.1.1,0.817,0.224,NA,1.56,-0.73,-3.76,0.522,24.5,0.109,0.225214
NC_000001.10:g.45478664A>C,UROD,c.106A>C,p.Met36Leu,NA,gnomAD_v2.1.1,0.999,0,NA,3.94,-3,-4.07,0.925,27.5,0.65,0.230373
NC_000001.10:g.45478666G>A,UROD,c.108G>A,p.Met36Ile,NA,gnomAD_v2.1.1,1,0,NA,4.63,-3.99,-4.17,0.885,32,0.992,0.44888
NC_000001.10:g.45478679C>T,UROD,c.121C>T,p.Arg41Cys,NA,gnomAD_v2.1.1,1,0,NA,4.64,-7.99,-3.87,0.832,33,0.856,0.403393
NC_000001.10:g.45478688C>T,UROD,c.130C>T,p.Pro44Ser,NA,gnomAD_v2.1.1,0.958,0.019,NA,3.235,-6.95,-3.73,0.756,28.2,0.407,-0.0215968
NC_000001.10:g.45478689C>T,UROD,c.131C>T,p.Pro44Leu,NA,gnomAD_v2.1.1,0.999,0.001,NA,4.515,-9.11,-3.66,0.768,34,0.368,0.277042
NC_000001.10:g.45478812T>A,UROD,c.138T>A,p.Phe46Leu,VCV001325337,gnomAD_v2.1.1,1,0.004,NA,3.625,-5.73,-3.37,0.903,24.5,0.997,0.432107
NC_000001.10:g.45478826C>A,UROD,c.152C>A,p.Ala51Asp,NA,gnomAD_v2.1.1,0.011,0.091,NA,2.095,-2.55,-3.48,0.576,24.4,0.242,0.0406919
NC_000001.10:g.45478832A>G,UROD,c.158A>G,p.Gln53Arg,VCV000741478,gnomAD_v2.1.1,0,0.537,NA,-0.345,-0.66,-3.33,0.511,22.2,0.07,-0.27697
NC_000001.10:g.45478844G>A,UROD,c.170G>A,p.Ser57Asn,NA,gnomAD_v2.1.1,0.004,0.233,NA,1.335,-0.93,-3.38,0.255,22.8,0.167,-0.0237163
NC_000001.10:g.45478844G>C,UROD,c.170G>C,p.Ser57Thr,NA,gnomAD_v2.1.1,0,0.699,NA,0.185,0.12,-3.39,0.27,19.94,0.088,0.0377571
NC_000001.10:g.45478846A>G,UROD,c.172A>G,p.Thr58Ala,NA,gnomAD_v2.1.1,0.002,0.228,NA,1.135,-0.69,-3.15,0.579,22.7,0.11,0.166888
NC_000001.10:g.45478852C>T,UROD,c.178C>T,p.Arg60Cys,NA,gnomAD_v2.1.1,1,0.001,NA,3.895,-6.61,-3.52,0.857,34,0.146,0.437171
NC_000001.10:g.45478863G>C,UROD,c.189G>C,p.Glu63Asp,NA,gnomAD_v2.1.1,0.019,0.071,NA,1.74,-2.13,-3.65,0.623,22.1,0.167,0.199884
NC_000001.10:g.45478863G>T,UROD,c.189G>T,p.Glu63Asp,NA,gnomAD_v2.1.1,0.019,0.071,NA,1.74,-2.13,-3.65,0.623,21.9,0.167,0.199882
NC_000001.10:g.45478877T>G,UROD,c.203T>G,p.Leu68Arg,NA,gnomAD_v2.1.1,0.999,0,NA,3.225,-4.54,-3.57,0.963,31,0.849,0.522422
NC_000001.10:g.45478886A>G,UROD,c.212A>G,p.Gln71Arg,NA,gnomAD_v2.1.1,0.994,0.001,NA,4.565,-3.96,-3.54,0.968,33,0.823,0.548121
NC_000001.10:g.45478970C>T,UROD,c.220C>T,p.Arg74Cys,NA,gnomAD_v2.1.1,1,0.007,NA,4.155,-5.69,-3.58,0.685,32,0.172,0.315647
NC_000001.10:g.45478971G>A,UROD,c.221G>A,p.Arg74His,NA,gnomAD_v2.1.1,0.851,0.036,NA,2.765,-3,-3.56,0.548,23.5,0.107,0.106683
NC_000001.10:g.45478982C>G,UROD,c.232C>G,p.Leu78Val,NA,gnomAD_v2.1.1,0.101,0.089,NA,1.14,-2.75,-3.41,0.355,20.1,0.195,0.0755835
NC_000001.10:g.45478988G>T,UROD,c.238G>T,p.Ala80Ser,VCV002202750,gnomAD_v2.1.1,1,0.002,NA,NA,-2.93,-3.81,0.904,29.2,0.317,0.466548
NC_000001.10:g.45478989C>G,UROD,c.239C>G,p.Ala80Gly,VCV002733887,gnomAD_v2.1.1,0.985,0.003,NA,NA,-3.94,-3.79,0.883,27.5,0.348,0.493845
NC_000001.10:g.45478997A>G,UROD,c.247A>G,p.Ile83Val,NA,gnomAD_v2.1.1,0.949,0.005,NA,NA,-0.99,-3.41,0.808,24.9,0.294,0.301874
NC_000001.10:g.45479004C>T,UROD,c.254C>T,p.Ser85Phe,NA,gnomAD_v2.1.1,1,0,NA,NA,-5.61,-3.6,0.931,32,0.979,0.521231
NC_000001.10:g.45479015G>A,UROD,c.265G>A,p.Val89Ile,NA,gnomAD_v2.1.1,0.988,0.008,NA,NA,-1,-3.6,0.797,28.5,0.264,0.108339
NC_000001.10:g.45479021C>A,UROD,c.271C>A,p.Pro91Thr,VCV002631472,gnomAD_v2.1.1,1,0.001,NA,NA,-7.32,-3.52,0.876,29.7,0.805,0.522517
NC_000001.10:g.45479022C>T,UROD,c.272C>T,p.Pro91Leu,NA,gnomAD_v2.1.1,0.978,0.018,NA,NA,-8.98,-3.32,0.799,29.8,0.678,0.424486
NC_000001.10:g.45479022C>A,UROD,c.272C>A,p.Pro91His,NA,gnomAD_v2.1.1,1,0,NA,NA,-8.42,-3.57,0.87,31,0.975,0.511815
NC_000001.10:g.45479275A>G,UROD,c.286A>G,p.Met96Val,NA,gnomAD_v2.1.1,0.874,0.028,NA,1.29,-2.59,-3.24,0.728,22.1,0.317,0.185014
NC_000001.10:g.45479285C>T,UROD,c.296C>T,p.Thr99Ile,VCV003187005,gnomAD_v2.1.1,0.003,0.118,NA,0.415,-1.85,-3.45,0.29,21.4,0.114,0.0859366
NC_000001.10:g.45479289G>A,UROD,c.300G>A,p.Met100Ile,NA,gnomAD_v2.1.1,0.763,0.01,NA,1.38,-3.77,-3.27,0.831,27.7,0.851,0.21895
NC_000001.10:g.45479290G>T,UROD,c.301G>T,p.Val101Leu,NA,gnomAD_v2.1.1,0,0.378,NA,1.31,-1.36,-3.51,0.249,17.63,0.126,-0.0661945
NC_000001.10:g.45479290G>A,UROD,c.301G>A,p.Val101Ile,VCV002184935,gnomAD_v2.1.1,0,0.559,NA,0.84,-0.27,-3.56,0.196,17.45,0.086,-0.0740402
NC_000001.10:g.45479293C>T,UROD,c.304C>T,p.Pro102Ser,VCV002683713,gnomAD_v2.1.1,0.129,0.183,NA,1.96,-5.32,-3.34,0.404,24.6,0.147,0.00372828
NC_000001.10:g.45479302G>A,UROD,c.313G>A,p.Gly105Arg,NA,gnomAD_v2.1.1,1,0,NA,4.64,-8,-3.81,0.941,32,0.96,0.553411
NC_000001.10:g.45479306C>T,UROD,c.317C>T,p.Pro106Leu,NA,gnomAD_v2.1.1,1,0,NA,4.63,-9.53,-5.38,0.808,31,0.727,0.565436
NC_000001.10:g.45479314C>T,UROD,c.325C>T,p.Pro109Ser,NA,gnomAD_v2.1.1,0.002,0.05,NA,1.89,-5.6,-3.31,0.376,21.1,0.138,-0.0416858
NC_000001.10:g.45479321C>T,UROD,c.332C>T,p.Pro111Leu,NA,gnomAD_v2.1.1,1,0.016,NA,3.84,-9.43,-3.66,0.895,28.8,0.376,0.486169
NC_000001.10:g.45479326A>G,UROD,c.337A>G,p.Arg113Gly,NA,gnomAD_v2.1.1,0.103,0.065,NA,2.75,-2.39,-3.57,0.457,21.7,0.139,0.046526
NC_000001.10:g.45479332G>A,UROD,c.343G>A,p.Glu115Lys,NA,gnomAD_v2.1.1,0.013,0.204,NA,0.92,-0.21,-3.36,0.433,24.4,0.112,0.0279206
NC_000001.10:g.45479334G>C,UROD,c.345G>C,p.Glu115Asp,NA,gnomAD_v2.1.1,0.005,0.114,NA,1.34,-0.46,-3.42,0.211,15.31,0.121,0.0271496
NC_000001.10:g.45479340C>G,UROD,c.351C>G,p.Asp117Glu,NA,gnomAD_v2.1.1,0.81,0.094,NA,2.33,-3.42,-3.62,0.708,16.74,0.402,0.187311
NC_000001.10:g.45479341C>A,UROD,c.352C>A,p.Leu118Ile,NA,gnomAD_v2.1.1,0.067,0.453,NA,1.07,-1.28,-3.36,0.435,14.95,0.101,-0.0140995
NC_000001.10:g.45479345A>G,UROD,c.356A>G,p.Glu119Gly,NA,gnomAD_v2.1.1,0.034,0.144,NA,1.745,-2.5,-3.57,0.343,18.69,0.062,0.122306
NC_000001.10:g.45479347C>G,UROD,c.358C>G,p.Arg120Gly,NA,gnomAD_v2.1.1,0.055,0.066,NA,2.44,-4.9,-3.43,0.584,21.2,0.132,0.151
NC_000001.10:g.45479347C>T,UROD,c.358C>T,p.Arg120Cys,VCV002202752,gnomAD_v2.1.1,0.998,0.007,NA,3.64,-5.8,-3.52,0.828,24.8,0.129,0.232777
NC_000001.10:g.45479348G>A,UROD,c.359G>A,p.Arg120His,VCV001991701,gnomAD_v2.1.1,0.115,0.071,NA,3.09,-3.46,-3.5,0.445,20.7,0.091,-0.0591762
NC_000001.10:g.45479353C>T,UROD,c.364C>T,p.Arg122Trp,NA,gnomAD_v2.1.1,1,0.035,NA,3.28,-3.55,-3.48,0.591,23.8,0.147,-0.0516404
NC_000001.10:g.45479354G>A,UROD,c.365G>A,p.Arg122Gln,VCV001080544,gnomAD_v2.1.1,0.068,0.604,NA,0.755,-0.29,-3.39,0.12,19.31,0.088,-0.309242
NC_000001.10:g.45479371G>C,UROD,c.382G>C,p.Ala128Pro,NA,gnomAD_v2.1.1,0.006,0.267,NA,0.975,-0.61,-3.39,0.267,15.86,0.139,0.019523
NC_000001.10:g.45479372C>T,UROD,c.383C>T,p.Ala128Val,NA,gnomAD_v2.1.1,0.003,0.281,NA,1.975,-0.9,-3.44,0.276,18.84,0.101,0.0661984
NC_000001.10:g.45479372C>A,UROD,c.383C>A,p.Ala128Asp,VCV000874339,gnomAD_v2.1.1,0.002,0.623,NA,0.315,1.77,-3.3,0.291,17.05,0.162,-0.247055
NC_000001.10:g.45479379G>T,UROD,c.390G>T,p.Glu130Asp,VCV000874340,gnomAD_v2.1.1,0.003,0.304,NA,1.505,-1.58,-3.39,0.308,18.72,0.195,-0.106308
NC_000001.10:g.45479386T>C,UROD,c.397T>C,p.Tyr133His,VCV003379632,gnomAD_v2.1.1,0.987,0.013,NA,3.04,-4.63,-3.51,0.914,25.2,0.578,0.398157
NC_000001.10:g.45479387A>G,UROD,c.398A>G,p.Tyr133Cys,VCV001374872,gnomAD_v2.1.1,1,0.001,NA,4.01,-8.87,-3.53,0.899,27.7,0.517,0.347759
NC_000001.10:g.45479389G>C,UROD,c.400G>C,p.Val134Leu,NA,gnomAD_v2.1.1,0.999,0.003,NA,3.52,-2.87,-3.77,0.909,26.4,0.632,0.219074
NC_000001.10:g.45479390T>A,UROD,c.401T>A,p.Val134Glu,NA,gnomAD_v2.1.1,1,0.001,NA,4.49,-5.9,-3.93,0.949,26.8,0.909,0.258612
NC_000001.10:g.45479395C>A,UROD,c.406C>A,p.Gln136Lys,NA,gnomAD_v2.1.1,0.003,0.461,NA,-0.365,-0.65,-3.22,0.316,18.02,0.104,0.0744724
NC_000001.10:g.45479405C>T,UROD,c.416C>T,p.Thr139Ile,NA,gnomAD_v2.1.1,0.997,0.021,NA,3.495,-5.67,-3.45,0.922,27.2,0.453,0.511564
NC_000001.10:g.45479407C>G,UROD,c.418C>G,p.Leu140Val,NA,gnomAD_v2.1.1,0.803,0.1,NA,2.895,-2.67,-3.54,0.783,23.7,0.137,0.223657
NC_000001.10:g.45479411C>A,UROD,c.422C>A,p.Thr141Asn,NA,gnomAD_v2.1.1,1,0.004,NA,4.05,-4.87,-3.53,0.907,28.6,0.869,0.218789
NC_000001.10:g.45479414G>A,UROD,c.425G>A,p.Arg142Gln,VCV001685202,gnomAD_v2.1.1,1,0.002,NA,3.44,-4,-3.58,0.939,33,0.382,0.552921
NC_000001.10:g.45479420G>A,UROD,c.431G>A,p.Arg144Gln,NA,gnomAD_v2.1.1,0.004,0.109,NA,0.415,-1.13,-3.35,0.245,16.81,0.062,-0.105129
NC_000001.10:g.45479431C>T,UROD,c.442C>T,p.Arg148Cys,VCV000874341,gnomAD_v2.1.1,1,0.002,NA,3.45,-6.17,-3.53,0.773,32,0.149,-0.0313077
NC_000001.10:g.45479432G>A,UROD,c.443G>A,p.Arg148His,NA,gnomAD_v2.1.1,0.829,0.03,NA,2.065,-3.37,-3.5,0.498,26.4,0.093,0.0433811
NC_000001.10:g.45479438C>T,UROD,c.449C>T,p.Pro150Leu,VCV002635706,gnomAD_v2.1.1,1,0,NA,4.435,-10,-3.79,0.98,33,0.806,0.438715
NC_000001.10:g.45479443A>G,UROD,c.454A>G,p.Ile152Val,NA,gnomAD_v2.1.1,0.988,0.004,NA,3.965,-0.95,-3.77,0.832,32,0.275,0.220175
NC_000001.10:g.45479456G>A,UROD,c.467G>A,p.Gly156Asp,NA,gnomAD_v2.1.1,1,0,NA,4.635,-6.99,-3.78,0.976,32,0.976,0.561346
NC_000001.10:g.45479459C>T,UROD,c.470C>T,p.Ala157Val,NA,gnomAD_v2.1.1,1,0.002,NA,4.445,-3.9,-3.8,0.961,31,0.792,0.489345
NC_000001.10:g.45479599A>G,UROD,c.493A>G,p.Met165Val,NA,gnomAD_v2.1.1,0.997,0.006,NA,2.92,-3.33,-3.5,0.966,25.4,0.371,0.399229
NC_000001.10:g.45479600T>G,UROD,c.494T>G,p.Met165Arg,VCV000000073,gnomAD_v2.1.1,1,0.001,NA,4.305,-5.13,-3.67,0.97,31,0.96,0.548777
NC_000001.10:g.45479612G>C,UROD,c.506G>C,p.Gly169Ala,NA,gnomAD_v2.1.1,0.982,0.003,NA,3.05,-5.21,-3.64,0.846,26.6,0.153,0.357683
NC_000001.10:g.45479614G>A,UROD,c.508G>A,p.Gly170Ser,NA,gnomAD_v2.1.1,0.004,0.266,NA,1.815,-4.37,-3.44,0.279,15.75,0.11,0.00386317
NC_000001.10:g.45479624C>A,UROD,c.518C>A,p.Thr173Asn,NA,gnomAD_v2.1.1,0.061,0.313,NA,0.96,-3.82,-3.35,0.497,24.5,0.246,0.188174
NC_000001.10:g.45479627T>C,UROD,c.521T>C,p.Met174Thr,NA,gnomAD_v2.1.1,0.151,0.008,NA,1.68,-3.73,-3.27,0.769,24.9,0.402,0.100478
NC_000001.10:g.45479628G>A,UROD,c.522G>A,p.Met174Ile,NA,gnomAD_v2.1.1,0.579,0.008,NA,2.78,-2.06,-3.27,0.535,25.1,0.784,0.0538032
NC_000001.10:g.45479642G>A,UROD,c.536G>A,p.Arg179His,NA,gnomAD_v2.1.1,0.733,0.093,NA,2.21,-1.97,-3.45,0.717,23.4,0.132,0.122262
NC_000001.10:g.45479651A>G,UROD,c.545A>G,p.Tyr182Cys,NA,gnomAD_v2.1.1,1,0.002,NA,3.995,-7.58,-3.7,0.973,27.9,0.379,0.438055
NC_000001.10:g.45479673C>G,UROD,c.567C>G,p.His189Gln,NA,gnomAD_v2.1.1,0.177,0.081,NA,2.455,-4.75,-3.62,0.706,19.2,0.249,0.379942
NC_000001.10:g.45479675A>G,UROD,c.569A>G,p.Gln190Arg,NA,gnomAD_v2.1.1,0,0.495,NA,-0.635,0.03,-3.31,0.398,13.91,0.066,-0.00841011
NC_000001.10:g.45479683C>T,UROD,c.577C>T,p.Arg193Cys,NA,gnomAD_v2.1.1,0.958,0.008,NA,2.18,-3.55,-3.44,0.44,23,0.108,-0.0599805
NC_000001.10:g.45479684G>A,UROD,c.578G>A,p.Arg193His,VCV000875265,gnomAD_v2.1.1,0.001,0.051,NA,1.205,-1.35,-3.42,0.225,15.66,0.083,0.00513318
NC_000001.10:g.45479684G>C,UROD,c.578G>C,p.Arg193Pro,VCV000254172,gnomAD_v2.1.1,0.493,0.043,NA,2.18,-2.28,-3.42,0.669,18.05,0.832,0.366617
NC_000001.10:g.45479725G>A,UROD,c.619G>A,p.Val207Met,NA,gnomAD_v2.1.1,0.997,0.002,NA,3.7,-2.46,-3.63,0.92,32,0.485,0.464164
NC_000001.10:g.45480138G>C,UROD,c.664G>C,p.Gly222Arg,NA,gnomAD_v2.1.1,1,0.001,NA,4.5,-4.91,-3.66,0.948,32,0.641,0.471919
NC_000001.10:g.45480138G>T,UROD,c.664G>T,p.Gly222Trp,NA,gnomAD_v2.1.1,1,0,NA,4.5,-5.72,-3.7,0.955,34,0.803,0.546753
NC_000001.10:g.45480139G>T,UROD,c.665G>T,p.Gly222Val,NA,gnomAD_v2.1.1,1,0,NA,4.5,-6.02,-3.65,0.965,32,0.704,0.556701
NC_000001.10:g.45480150C>T,UROD,c.676C>T,p.Pro226Ser,NA,gnomAD_v2.1.1,0.005,0.116,NA,2.68,-3.74,-3.65,0.399,20.7,0.189,0.105125
NC_000001.10:g.45480153C>G,UROD,c.679C>G,p.Gln227Glu,VCV000875266,gnomAD_v2.1.1,0,1,NA,-0.605,0.84,-3.17,0.253,14.31,0.075,-0.0193964
NC_000001.10:g.45480163A>G,UROD,c.689A>G,p.Asn230Ser,NA,gnomAD_v2.1.1,0,0.565,NA,-0.57,-0.58,-3.32,0.262,0.011,0.059,-0.118121
NC_000001.10:g.45480166A>C,UROD,c.692A>C,p.Lys231Thr,NA,gnomAD_v2.1.1,0,0.276,NA,-0.51,-1.41,-3.46,0.37,15.99,0.059,0.12557
NC_000001.10:g.45480166A>G,UROD,c.692A>G,p.Lys231Arg,NA,gnomAD_v2.1.1,0,0.144,NA,-0.335,-1.11,-3.4,0.327,19.49,0.068,0.024014
NC_000001.10:g.45480166A>T,UROD,c.692A>T,p.Lys231Met,NA,gnomAD_v2.1.1,0.003,0.015,NA,1.65,-2.59,-3.53,0.439,20.1,0.134,0.160892
NC_000001.10:g.45480167G>C,UROD,c.693G>C,p.Lys231Asn,NA,gnomAD_v2.1.1,0.002,0.149,NA,0.61,-1.17,-3.45,0.222,16.04,0.174,-0.0957893
NC_000001.10:g.45480177C>T,UROD,c.703C>T,p.Pro235Ser,VCV001457610,gnomAD_v2.1.1,0.867,0.048,NA,3.16,-5.24,-3.85,0.746,24.5,0.257,0.415761
NC_000001.10:g.45480186C>T,UROD,c.712C>T,p.Arg238Cys,NA,gnomAD_v2.1.1,0.986,0.01,NA,3.365,-3.99,-3.58,0.756,23.8,0.097,0.240201
NC_000001.10:g.45480204G>A,UROD,c.730G>A,p.Val244Met,NA,gnomAD_v2.1.1,1,0.002,NA,3.205,-2.46,-3.67,0.899,27,0.454,0.347691
NC_000001.10:g.45480210G>T,UROD,c.736G>T,p.Ala246Ser,NA,gnomAD_v2.1.1,0.003,0.715,NA,1.115,0.17,-3.37,0.185,16.55,0.08,-0.134392
NC_000001.10:g.45480219C>T,UROD,c.745C>T,p.Arg249Trp,VCV000875267,gnomAD_v2.1.1,0.897,0.004,NA,1.545,-2.61,-3.42,0.422,25.3,0.103,-0.113658
NC_000001.10:g.45480220G>A,UROD,c.746G>A,p.Arg249Gln,VCV002406805,gnomAD_v2.1.1,0,0.274,NA,-0.185,-0.34,-3.36,0.234,16.27,0.071,-0.0579301
NC_000001.10:g.45480223A>G,UROD,c.749A>G,p.Glu250Gly,NA,gnomAD_v2.1.1,0,0.084,NA,2.225,-2.38,-3.29,0.378,23.8,0.088,-0.016169
NC_000001.10:g.45480226C>G,UROD,c.752C>G,p.Ala251Gly,NA,gnomAD_v2.1.1,0,0.381,NA,1.29,-1.28,-3.4,0.291,22.7,0.099,-0.000336617
NC_000001.10:g.45480232T>A,UROD,c.758T>A,p.Leu253Gln,VCV000297463,gnomAD_v2.1.1,0.057,0.508,NA,2.27,-1.66,-3.47,0.512,22.8,0.112,-0.17954
NC_000001.10:g.45480235C>T,UROD,c.761C>T,p.Ala254Val,NA,gnomAD_v2.1.1,0.019,0.153,NA,0.055,-0.74,-3.41,0.348,24.7,0.09,0.0603241
NC_000001.10:g.45480241T>C,UROD,c.767T>C,p.Val256Ala,NA,gnomAD_v2.1.1,0.198,0.039,NA,2.32,-3.29,-3.48,0.868,24.3,0.298,0.150532
NC_000001.10:g.45480408A>C,UROD,c.775A>C,p.Ile259Leu,NA,gnomAD_v2.1.1,0.238,0.023,NA,3.17,-1.49,-3.8,0.734,26.8,0.346,0.191884
NC_000001.10:g.45480413C>G,UROD,c.780C>G,p.Ile260Met,NA,gnomAD_v2.1.1,0.144,0.019,NA,0.82,-1.91,-3.43,0.461,22.6,0.2,-0.0742205
NC_000001.10:g.45480430A>C,UROD,c.797A>C,p.His266Pro,NA,gnomAD_v2.1.1,0.013,0.205,NA,1.815,-6.97,-3.39,0.723,22.9,0.285,0.465422
NC_000001.10:g.45480430A>G,UROD,c.797A>G,p.His266Arg,NA,gnomAD_v2.1.1,0.928,0.348,NA,2.125,-5.37,-3.37,0.851,22.4,0.432,0.440363
NC_000001.10:g.45480444G>A,UROD,c.811G>A,p.Glu271Lys,NA,gnomAD_v2.1.1,0.007,0.611,NA,0.69,-2.35,-3.41,0.406,23.7,0.166,0.0861609
NC_000001.10:g.45480456G>A,UROD,c.823G>A,p.Ala275Thr,NA,gnomAD_v2.1.1,0.005,0.674,NA,0.295,-0.25,-3.31,0.347,18.94,0.095,0.062916
NC_000001.10:g.45480457C>T,UROD,c.824C>T,p.Ala275Val,NA,gnomAD_v2.1.1,0.313,0.275,NA,1.23,-1.77,-3.46,0.439,24.5,0.139,0.146016
NC_000001.10:g.45480475G>T,UROD,c.842G>T,p.Gly281Val,VCV000000065,gnomAD_v2.1.1,1,0.001,NA,4.39,-6.14,-3.57,0.963,32,0.888,0.423882
NC_000001.10:g.45480475G>A,UROD,c.842G>A,p.Gly281Glu,VCV000000066,gnomAD_v2.1.1,1,0.001,NA,4.39,-4.75,-3.51,0.975,32,0.951,0.400897
NC_000001.10:g.45480481A>C,UROD,c.848A>C,p.Asp283Ala,NA,gnomAD_v2.1.1,1,0,NA,4.625,-7.76,-4.37,0.985,29.4,0.918,0.572089
NC_000001.10:g.45480495C>T,UROD,c.862C>T,p.Pro288Ser,NA,gnomAD_v2.1.1,0.993,0.061,NA,3.095,-6.76,-3.39,0.799,28.9,0.28,0.344884
NC_000001.10:g.45480499A>G,UROD,c.866A>G,p.Lys289Arg,NA,gnomAD_v2.1.1,0,0.464,NA,-0.2,-0.78,-3.39,0.221,17.87,0.066,-0.104166
NC_000001.10:g.45480502A>G,UROD,c.869A>G,p.Lys290Arg,NA,gnomAD_v2.1.1,0,0.198,NA,0.075,-0.56,-3.46,0.282,19.54,0.074,-0.0109365
NC_000001.10:g.45480504G>C,UROD,c.871G>C,p.Ala291Pro,NA,gnomAD_v2.1.1,1,0.002,NA,4.53,-4.48,-3.65,0.93,32,0.874,0.480882
NC_000001.10:g.45480505C>T,UROD,c.872C>T,p.Ala291Val,VCV002557812,gnomAD_v2.1.1,0.978,0.076,NA,2.78,-3.45,-3.55,0.805,25.1,0.241,0.275322
NC_000001.10:g.45480507C>T,UROD,c.874C>T,p.Arg292Trp,VCV000430039,gnomAD_v2.1.1,0.994,0.014,NA,2.775,-6.66,-3.4,0.868,27.7,0.219,0.442376
NC_000001.10:g.45480508G>A,UROD,c.875G>A,p.Arg292Gln,NA,gnomAD_v2.1.1,0.999,0.041,NA,2.55,-3.21,-3.37,0.807,36,0.162,0.311361
NC_000001.10:g.45480613G>C,UROD,c.877G>C,p.Glu293Gln,NA,gnomAD_v2.1.1,0.001,0.615,NA,0.485,-0.16,-3.51,0.257,23.8,0.076,-0.0227429
NC_000001.10:g.45480613G>A,UROD,c.877G>A,p.Glu293Lys,NA,gnomAD_v2.1.1,0,1,NA,0.69,-0.13,-3.36,0.292,23.3,0.103,-0.0879892
NC_000001.10:g.45480623G>A,UROD,c.887G>A,p.Gly296Glu,NA,gnomAD_v2.1.1,0.629,0.03,NA,3.055,-4.66,-3.76,0.895,32,0.276,0.247838
NC_000001.10:g.45480623G>C,UROD,c.887G>C,p.Gly296Ala,NA,gnomAD_v2.1.1,0.115,0.094,NA,2.255,-3.4,-3.83,0.772,24.9,0.242,0.27098
NC_000001.10:g.45480627G>T,UROD,c.891G>T,p.Lys297Asn,NA,gnomAD_v2.1.1,0.006,0.561,NA,0.45,0.22,-3.37,0.369,23.7,0.123,-0.0240168
NC_000001.10:g.45480629C>T,UROD,c.893C>T,p.Thr298Met,NA,gnomAD_v2.1.1,0.008,0.025,NA,1.88,-1.07,-3.4,0.242,19.23,0.08,-0.162798
NC_000001.10:g.45480650T>G,UROD,c.914T>G,p.Leu305Arg,NA,gnomAD_v2.1.1,1,0.002,NA,4.035,-4.77,-3.82,0.901,29.7,0.872,0.420411
NC_000001.10:g.45480654C>A,UROD,c.918C>A,p.Asp306Glu,NA,gnomAD_v2.1.1,0.99,0.01,NA,2.93,-3.75,-4,0.842,23.7,0.923,0.358728
NC_000001.10:g.45480655C>G,UROD,c.919C>G,p.Pro307Ala,NA,gnomAD_v2.1.1,1,0.004,NA,4.275,-7.49,-4.27,0.906,28.9,0.682,0.415735
NC_000001.10:g.45480655C>T,UROD,c.919C>T,p.Pro307Ser,VCV002683714,gnomAD_v2.1.1,1,0.032,NA,3.075,-7.49,-4.25,0.914,30,0.813,0.519221
NC_000001.10:g.45480668A>G,UROD,c.932A>G,p.Tyr311Cys,VCV000000071,gnomAD_v2.1.1,1,0.001,NA,3.75,-8.3,-3.49,0.891,27.8,0.521,0.514017
NC_000001.10:g.45480671C>T,UROD,c.935C>T,p.Ala312Val,NA,gnomAD_v2.1.1,0.996,0.008,NA,3.35,-2.88,-3.51,0.839,34,0.35,0.351663
NC_000001.10:g.45481009G>A,UROD,c.943G>A,p.Glu315Lys,NA,gnomAD_v2.1.1,0.029,0.046,NA,2.225,-2.82,-3.81,0.621,27.1,0.081,0.306031
NC_000001.10:g.45481018G>A,UROD,c.952G>A,p.Gly318Arg,VCV000876225,gnomAD_v2.1.1,0.001,1,NA,-1.605,2.07,-3.22,0.229,13.48,0.102,-0.382353
NC_000001.10:g.45481037T>C,UROD,c.971T>C,p.Met324Thr,NA,gnomAD_v2.1.1,0.989,0.025,NA,2.105,-5.43,-3.46,0.943,25.2,0.742,0.485663
NC_000001.10:g.45481037T>A,UROD,c.971T>A,p.Met324Lys,NA,gnomAD_v2.1.1,0.999,0.001,NA,3.96,-5.51,-3.5,0.957,26.8,0.798,0.464711
NC_000001.10:g.45481043A>G,UROD,c.977A>G,p.Asp326Gly,NA,gnomAD_v2.1.1,0,0.189,NA,1.59,-1.79,-3.54,0.4,22.6,0.09,0.00746457
NC_000001.10:g.45481057C>G,UROD,c.991C>G,p.His331Asp,NA,gnomAD_v2.1.1,0,0.68,NA,-0.345,-1.32,-3.22,0.226,15.08,0.116,-0.0673472
NC_000001.10:g.45481057C>T,UROD,c.991C>T,p.His331Tyr,NA,gnomAD_v2.1.1,0.066,0.045,NA,0.695,-1.78,-3.38,0.221,18.73,0.087,0.0168804
NC_000001.10:g.45481058A>G,UROD,c.992A>G,p.His331Arg,VCV003021133,gnomAD_v2.1.1,0,0.569,NA,-1.565,-0.1,-3.29,0.249,5.744,0.064,-0.156078
NC_000001.10:g.45481060C>T,UROD,c.994C>T,p.Arg332Cys,VCV002967985,gnomAD_v2.1.1,1,0.032,NA,3,-5.19,-3.44,0.675,24.6,0.154,0.0091964
NC_000001.10:g.45481061G>A,UROD,c.995G>A,p.Arg332His,VCV000000076,gnomAD_v2.1.1,0.179,0.146,NA,2.145,-2.72,-3.4,0.637,22.1,0.116,-0.0588755
NC_000001.10:g.45481066A>C,UROD,c.1000A>C,p.Ile334Leu,NA,gnomAD_v2.1.1,0.998,0.004,NA,3.8,-1.87,-4.07,0.932,26.7,0.515,0.258155
NC_000001.10:g.45481073A>G,UROD,c.1007A>G,p.Asn336Ser,NA,gnomAD_v2.1.1,1,0,NA,4.295,-4.68,-3.58,0.933,27.1,0.408,0.249394
NC_000001.10:g.45481081C>T,UROD,c.1015C>T,p.His339Tyr,NA,gnomAD_v2.1.1,1,0,NA,4.63,-5.62,-3.85,0.972,31,0.912,0.562621
NC_000001.10:g.45481082A>G,UROD,c.1016A>G,p.His339Arg,NA,gnomAD_v2.1.1,1,0,NA,4.63,-7.49,-3.85,0.983,27.2,0.962,0.444867
NC_000001.10:g.45481093C>G,UROD,c.1027C>G,p.Pro343Ala,NA,gnomAD_v2.1.1,1,0.005,NA,3.55,-7.19,-3.77,0.874,28.4,0.259,0.482991
NC_000001.10:g.45481094C>T,UROD,c.1028C>T,p.Pro343Leu,NA,gnomAD_v2.1.1,1,0.009,NA,3.83,-9.04,-3.7,0.85,32,0.433,0.486402
NC_000001.10:g.45481097A>C,UROD,c.1031A>C,p.Asp344Ala,NA,gnomAD_v2.1.1,0.503,0.486,NA,2.855,-5.66,-3.55,0.898,22.9,0.394,0.411604
NC_000001.10:g.45481099A>G,UROD,c.1033A>G,p.Met345Val,VCV002186853,gnomAD_v2.1.1,0.08,1,NA,0.775,0.2,-3.19,0.619,20.2,0.127,0.169776
NC_000001.10:g.45481102G>A,UROD,c.1036G>A,p.Asp346Asn,NA,gnomAD_v2.1.1,0.027,0.345,NA,1.26,-2.73,-3.45,0.42,23.7,0.079,0.0780271
NC_000001.10:g.45481106C>T,UROD,c.1040C>T,p.Pro347Leu,NA,gnomAD_v2.1.1,0.952,0.065,NA,3.1,-6.39,-3.39,0.909,29.9,0.296,0.401499
NC_000001.10:g.45481114G>T,UROD,c.1048G>T,p.Val350Leu,NA,gnomAD_v2.1.1,0.048,0.655,NA,1.62,-0.55,-3.45,0.622,22.1,0.375,0.301683
NC_000001.10:g.45481115T>C,UROD,c.1049T>C,p.Val350Ala,NA,gnomAD_v2.1.1,0.352,0.638,NA,1.425,-2.54,-3.63,0.749,22.2,0.286,0.332298
NC_000001.10:g.45481120G>A,UROD,c.1054G>A,p.Ala352Thr,NA,gnomAD_v2.1.1,0.79,0.429,NA,2.45,-1.23,-3.76,0.756,23.8,0.082,0.297829
NC_000001.10:g.45481126G>A,UROD,c.1060G>A,p.Val354Met,NA,gnomAD_v2.1.1,0.999,0.005,NA,3.49,-2.26,-3.78,0.893,27.8,0.462,0.506335
NC_000001.10:g.45481130A>C,UROD,c.1064A>C,p.Asp355Ala,NA,gnomAD_v2.1.1,0.025,0.05,NA,1.35,-4.3,-3.44,0.523,24,0.103,0.127626
NC_000001.10:g.45481131T>G,UROD,c.1065T>G,p.Asp355Glu,VCV003187003,gnomAD_v2.1.1,0,1,NA,-0.42,-0.79,-3.19,0.262,15.84,0.113,-0.111663
NC_000001.10:g.45481132G>A,UROD,c.1066G>A,p.Ala356Thr,NA,gnomAD_v2.1.1,0.6,0.223,NA,1.63,-0.83,-3.73,0.706,24,0.097,0.319172
NC_000001.10:g.45481141A>G,UROD,c.1075A>G,p.Lys359Glu,NA,gnomAD_v2.1.1,0,0.912,NA,-0.835,0.07,-3.14,0.218,20.9,0.09,-0.00122007
NC_000001.10:g.45481150C>T,UROD,c.1084C>T,p.Arg362Cys,NA,gnomAD_v2.1.1,0.969,0.003,NA,2.645,-2.52,-3.45,0.699,25,0.116,0.062581
NC_000001.10:g.45481151G>A,UROD,c.1085G>A,p.Arg362His,NA,gnomAD_v2.1.1,0.808,0.01,NA,2.44,-0.95,-3.45,0.607,25.2,0.097,0.113747
